"name",position,"team","overallAttribute","closeShot","midRangeShot","threePointShot","freeThrow","shotIQ","offensiveConsistency","layup","standingDunk","drivingDunk","postHook","postFade","postControl","drawFoul","hands","interiorDefense","perimeterDefense","steal","block","helpDefenseIQ","passPerception","defensiveConsistency","speed","agility","strength","vertical","stamina","hustle","overallDurability","passAccuracy","ballHandle","speedWithBall","passIQ","passVision","offensiveRebound","defensiveRebound"
"Nikola Jokic",C,"Denver Nuggets",98,99,98,86,81,85,98,91,90,75,94,95,98,98,90,83,61,70,56,83,82,80,63,62,96,63,97,80,83,93,76,60,98,97,81,95
"Shai Gilgeous-Alexander",PG,"Oklahoma City Thunder",98,97,97,82,90,90,98,97,40,75,66,73,72,98,98,69,86,90,70,89,95,85,86,86,62,85,98,90,80,97,95,85,98,88,38,56
"Giannis Antetokounmpo",PF,"Milwaukee Bucks",97,90,84,52,60,95,98,98,85,91,79,74,90,97,95,90,87,70,71,92,88,95,89,86,94,85,98,95,91,84,87,80,95,80,61,91
"Luka Doncic",PG,"Los Angeles Lakers",95,97,80,86,77,95,95,96,65,75,85,85,87,92,98,58,59,76,51,60,57,45,84,77,72,79,90,98,85,95,95,83,95,95,58,82
"Anthony Edwards",SG,"Minnesota Timberwolves",95,92,79,87,84,90,98,96,50,97,60,62,62,95,98,59,87,43,56,84,84,85,91,90,62,97,97,90,83,79,86,85,80,70,36,63
"Jayson Tatum",PF,"Boston Celtics",94,90,85,85,81,90,98,96,50,89,79,86,88,88,98,81,87,43,52,89,84,85,82,88,71,83,95,98,80,78,86,79,84,73,35,85
"Stephen Curry",PG,"Golden State Warriors",94,93,97,99,94,75,95,93,25,36,35,52,35,78,98,30,69,49,51,70,68,65,84,84,48,73,98,85,86,89,97,84,90,76,33,58
"LeBron James",PF,"Los Angeles Lakers",94,95,80,82,77,98,90,97,80,85,82,88,84,80,98,74,74,42,70,70,70,60,87,84,89,89,88,70,97,90,84,85,97,88,41,79
"Victor Wembanyama",C,"San Antonio Spurs",94,94,77,80,84,95,98,82,90,75,85,86,87,87,98,96,78,69,99,96,78,98,66,69,59,72,97,90,88,72,70,64,75,69,72,91
"Donovan Mitchell",SG,"Cleveland Cavaliers",93,95,82,85,82,85,95,95,50,92,37,49,44,90,98,68,75,59,42,79,79,75,95,90,60,97,96,95,80,84,90,86,84,71,39,56
"Anthony Davis",C,"Dallas Mavericks",93,88,88,71,79,90,85,82,90,85,85,89,85,87,85,90,80,53,87,90,88,90,79,78,92,86,87,85,78,60,75,67,72,65,67,91
"Kevin Durant",PF,"Houston Rockets",93,97,97,91,83,70,98,96,60,85,74,86,86,97,98,70,77,38,72,75,75,75,80,78,63,77,94,90,88,78,92,80,88,69,31,67
"Tyrese Haliburton",PG,"Indiana Pacers",93,98,91,84,86,95,80,94,40,65,42,49,40,62,95,60,77,63,56,78,75,75,83,84,59,70,95,95,80,96,90,83,96,95,35,49
"Jalen Brunson",PG,"New York Knicks",93,97,87,86,83,90,95,98,40,35,50,56,50,98,98,55,73,41,32,72,70,75,84,84,60,75,98,95,81,96,95,84,98,77,32,45
"Cade Cunningham",PG,"Detroit Pistons",92,94,85,83,86,90,98,94,40,75,60,62,60,88,98,59,75,42,60,75,76,75,83,83,62,80,94,90,80,90,86,83,92,91,37,67
"Kawhi Leonard",PF,"Los Angeles Clippers",92,96,88,86,75,90,95,90,55,80,65,88,84,80,98,81,89,73,56,91,90,90,84,89,79,79,85,85,82,79,86,83,82,63,42,68
"Karl-Anthony Towns",PF,"New York Knicks",92,91,69,86,83,90,95,82,85,75,92,92,89,88,98,71,50,42,58,79,55,65,76,76,87,70,98,90,82,60,65,66,79,52,69,93
"Joel Embiid",C,"Philadelphia 76ers",92,96,84,75,88,80,95,84,85,80,96,96,96,90,90,87,68,40,72,85,64,85,69,69,96,69,79,65,56,74,57,62,82,73,70,90
"Ja Morant",PG,"Memphis Grizzlies",91,88,88,76,83,90,95,97,25,96,54,54,54,90,98,49,72,56,42,79,78,75,95,95,52,97,97,98,80,90,96,95,91,82,36,56
"Devin Booker",PG,"Phoenix Suns",91,96,97,81,89,70,95,95,30,75,74,79,85,87,98,58,75,40,37,74,74,65,83,80,59,79,95,95,81,80,93,83,80,75,40,47
"Trae Young",PG,"Atlanta Hawks",90,90,84,85,87,80,98,94,25,30,28,60,34,96,80,31,55,43,35,58,70,30,84,84,50,78,95,75,86,92,96,84,97,95,32,46
"Jaylen Brown",SF,"Boston Celtics",90,88,84,78,76,85,85,94,40,94,67,69,80,85,95,70,89,49,45,86,87,85,79,88,69,84,95,95,82,78,86,76,84,70,46,62
"Kyrie Irving",SG,"Dallas Mavericks",90,91,98,86,92,80,95,97,25,30,35,70,54,75,96,32,67,53,51,67,75,55,85,85,37,81,89,87,80,80,99,85,80,70,43,51
"Jalen Williams",PF,"Oklahoma City Thunder",90,85,94,84,79,85,90,88,25,80,67,67,66,54,87,85,92,73,61,92,90,95,87,92,68,83,90,90,80,78,86,83,78,71,38,62
"Paolo Banchero",PF,"Orlando Magic",90,86,79,79,71,90,98,90,75,85,84,84,84,89,95,68,66,40,56,64,67,45,80,80,77,83,90,85,80,74,76,74,78,73,42,82
"Evan Mobley",PF,"Cleveland Cavaliers",89,85,67,80,74,80,70,84,85,85,83,83,83,67,85,96,82,41,86,95,85,95,72,79,74,81,90,90,80,69,60,66,74,59,65,85
"Pascal Siakam",PF,"Indiana Pacers",89,97,82,82,74,90,90,88,80,80,89,89,89,78,90,85,79,41,55,86,82,80,76,78,70,79,95,80,82,72,79,69,79,61,53,69
"James Harden",PG,"Los Angeles Clippers",89,84,84,83,87,80,90,94,35,75,60,74,69,94,90,62,70,63,60,63,82,65,85,85,71,87,98,60,95,82,95,85,94,82,36,65
"Jaren Jackson Jr.",C,"Memphis Grizzlies",89,97,76,82,78,90,90,82,85,80,86,87,86,75,80,93,80,56,83,95,71,95,63,80,82,75,90,80,94,45,60,33,50,41,47,65
"Bam Adebayo",C,"Miami Heat",88,88,88,78,76,75,80,82,85,80,80,82,82,60,90,90,88,53,60,94,80,95,74,84,85,83,92,90,90,72,69,66,74,70,63,83
"Chet Holmgren",C,"Oklahoma City Thunder",88,95,75,82,73,90,75,85,75,75,79,79,79,85,95,85,75,41,97,88,78,85,75,75,45,75,87,90,80,60,65,67,59,38,55,86
"Damian Lillard",PG,"Portland Trail Blazers",88,82,95,86,93,70,90,85,25,85,30,38,42,62,98,31,69,46,37,72,77,60,87,87,63,89,97,95,98,84,89,86,84,75,33,54
"Derrick White",SG,"Boston Celtics",87,98,79,84,85,85,95,89,40,55,35,51,35,83,90,58,91,80,67,92,78,95,88,93,46,75,85,95,81,88,86,87,82,69,38,54
"LaMelo Ball",PG,"Charlotte Hornets",87,86,78,80,84,85,90,86,45,75,52,58,52,82,98,45,70,53,45,79,89,75,84,84,50,79,93,89,82,93,88,84,93,90,41,59
"Darius Garland",PG,"Cleveland Cavaliers",87,96,85,86,88,75,80,90,25,40,32,37,42,74,90,31,71,56,35,69,66,50,88,88,40,84,95,95,80,92,89,88,95,76,36,44
"Jimmy Butler",SF,"Golden State Warriors",87,86,78,76,83,55,80,87,40,75,80,80,80,87,98,80,86,63,50,89,88,85,84,92,76,82,97,98,81,85,86,82,89,72,65,52
"Alperen Sengun",C,"Houston Rockets",87,86,84,69,69,80,95,82,70,80,87,87,89,74,95,72,63,49,62,69,85,65,52,64,86,69,88,90,80,79,62,48,84,72,77,84
"Amen Thompson",SG,"Houston Rockets",87,93,70,69,69,70,65,90,60,96,44,48,44,44,95,78,93,80,78,92,90,95,95,93,59,99,95,85,80,80,86,90,80,64,67,70
"Ivica Zubac",C,"Los Angeles Clippers",87,98,76,26,64,85,80,86,85,80,90,78,91,55,80,92,63,37,75,90,67,95,43,63,90,75,80,85,80,70,35,30,47,47,86,91
"Zion Williamson",PF,"New Orleans Pelicans",87,93,70,67,66,75,85,93,85,93,90,80,86,85,95,59,55,66,70,64,70,40,84,81,92,97,83,95,60,65,78,74,72,81,70,71
"Domantas Sabonis",C,"Sacramento Kings",87,98,86,83,75,80,95,82,75,75,93,93,93,78,98,70,49,36,50,69,45,60,48,49,82,54,95,90,86,82,60,43,85,73,81,94
"Jamal Murray",PG,"Denver Nuggets",86,94,88,85,89,75,80,93,30,82,38,46,74,78,84,35,77,56,51,74,70,70,80,80,54,80,95,85,78,84,89,79,85,71,35,47
"Tyler Herro",SG,"Miami Heat",86,97,92,84,86,85,95,92,30,60,37,42,40,82,95,46,69,41,40,65,60,50,79,78,59,72,85,70,80,79,83,74,84,73,32,62
"Julius Randle",PF,"Minnesota Timberwolves",86,84,91,76,81,75,95,89,85,80,79,60,86,92,85,77,73,37,42,73,52,75,73,76,87,69,95,90,84,74,80,68,84,71,62,67
"Franz Wagner",SF,"Orlando Magic",86,91,76,75,86,70,95,93,55,80,57,59,59,95,95,56,73,53,50,74,73,70,70,73,65,75,85,85,80,80,85,68,84,73,40,68
"Tyrese Maxey",PG,"Philadelphia 76ers",86,85,84,82,88,75,90,94,25,70,45,60,47,84,98,52,79,70,51,69,68,65,90,90,44,80,98,95,77,80,89,90,82,74,29,49
"Kristaps Porzingis",C,"Atlanta Hawks",85,95,66,86,81,80,80,79,90,75,84,88,85,57,98,75,56,41,85,74,60,55,66,65,74,78,94,85,77,50,68,56,40,42,56,75
"Austin Reaves",SG,"Los Angeles Lakers",85,92,82,84,87,85,85,90,25,70,31,32,32,85,85,35,66,46,45,64,60,55,83,80,44,81,94,80,80,78,79,78,79,72,38,53
"OG Anunoby",SF,"New York Knicks",85,75,61,82,80,80,80,75,60,85,38,37,36,60,90,81,90,80,62,89,89,90,81,91,68,85,85,85,81,58,72,71,52,36,46,52
"Zach LaVine",SG,"Sacramento Kings",85,91,82,87,82,80,90,88,60,94,59,59,59,80,80,47,61,38,35,57,38,40,84,82,49,97,98,65,83,79,88,81,88,66,30,56
"DeMar DeRozan",SF,"Sacramento Kings",85,97,96,77,87,75,95,88,55,80,65,78,87,77,85,58,64,40,51,64,59,55,82,80,73,88,88,80,91,73,83,80,75,67,35,50
"De’Aaron Fox",PG,"San Antonio Spurs",85,97,83,73,83,70,90,97,25,80,25,30,27,78,90,34,84,63,51,82,82,80,97,93,46,84,96,90,80,80,86,97,80,73,38,54
"Scottie Barnes",PF,"Toronto Raptors",85,85,85,67,77,85,70,86,80,80,60,62,62,84,95,80,80,66,67,80,78,85,82,82,74,92,88,90,80,77,79,77,80,73,51,75
"Jarrett Allen",C,"Cleveland Cavaliers",84,98,82,63,74,90,60,80,90,85,83,63,84,60,95,88,72,46,68,88,67,85,75,72,84,79,90,90,82,25,35,35,48,38,71,88
"Norman Powell",SG,"Miami Heat",84,89,80,86,82,80,85,87,25,80,30,32,28,65,88,50,79,56,37,77,74,75,79,80,46,80,92,90,82,74,79,77,75,41,31,49
"Rudy Gobert",C,"Minnesota Timberwolves",84,64,54,25,68,75,40,60,90,75,65,58,65,70,85,90,64,40,80,95,74,95,48,65,87,57,90,95,81,68,35,25,58,34,83,84
"Mikal Bridges",SF,"New York Knicks",84,97,95,83,78,70,80,75,40,75,55,57,57,60,80,69,88,66,52,82,86,85,80,87,68,85,92,95,84,78,82,72,88,54,38,42
"Brandon Ingram",SF,"Toronto Raptors",84,92,89,81,86,75,90,90,65,80,64,70,70,74,98,54,69,41,56,58,68,40,74,74,42,77,95,80,85,75,85,70,75,73,39,65
"Lauri Markkanen",SF,"Utah Jazz",84,97,63,80,88,85,85,75,75,75,83,83,86,80,95,66,65,40,51,66,64,65,63,65,61,62,85,85,80,55,65,42,75,34,53,63
"Dyson Daniels",PG,"Atlanta Hawks",83,91,68,80,59,70,50,85,25,75,44,55,47,51,85,67,94,98,58,87,95,90,79,93,52,75,89,85,80,77,78,79,77,66,51,61
"Coby White",PG,"Chicago Bulls",83,91,61,81,91,80,90,90,30,65,34,45,49,84,95,49,64,41,37,66,64,55,85,85,56,81,90,85,80,79,87,84,84,69,30,50
"Cameron Johnson",PF,"Denver Nuggets",83,86,79,83,89,95,85,79,60,60,69,69,69,64,57,65,69,43,53,64,68,65,70,70,60,79,85,86,78,59,59,43,66,67,41,57
"Myles Turner",C,"Milwaukee Bucks",83,83,95,84,78,70,75,79,80,65,76,80,84,55,95,87,70,40,87,90,70,85,56,66,80,69,95,80,83,31,35,32,68,33,47,75
"Desmond Bane",SG,"Orlando Magic",83,90,95,88,88,80,80,81,35,75,49,61,56,43,84,59,79,49,51,78,78,70,74,80,56,78,92,85,78,78,80,70,77,71,40,67
"Jalen Green",SG,"Phoenix Suns",83,81,74,82,83,70,85,85,40,91,56,56,56,70,95,45,64,41,47,60,54,55,88,88,55,92,88,85,80,77,86,84,79,62,33,59
"Michael Porter Jr.",SF,"Brooklyn Nets",82,97,80,83,75,70,85,92,60,80,50,62,68,55,80,60,64,36,52,60,68,40,80,81,68,88,88,80,66,65,78,77,62,37,56,66
"Brandon Miller",SF,"Charlotte Hornets",82,77,76,79,86,90,80,80,55,87,40,64,47,53,80,50,73,43,62,67,68,65,78,82,51,85,95,80,80,75,86,78,75,66,38,57
"Josh Giddey",SG,"Chicago Bulls",82,94,54,81,78,90,80,94,45,65,55,58,55,75,90,50,62,53,57,57,54,45,79,79,60,74,88,90,80,89,86,79,90,77,57,79
"Nikola Vucevic",C,"Chicago Bulls",82,98,79,84,82,80,85,70,75,65,88,84,87,50,80,68,41,40,58,67,57,45,62,49,87,45,88,70,77,77,35,32,76,64,64,86
"Cooper Flagg",SF,"Dallas Mavericks",82,84,76,80,84,70,65,84,65,80,69,68,69,73,90,81,83,67,62,82,75,80,83,85,65,77,90,90,80,70,76,75,70,57,57,69
"Aaron Gordon",PF,"Denver Nuggets",82,90,89,84,81,70,70,86,85,94,58,60,74,85,95,80,84,33,45,84,82,80,71,84,72,92,95,95,84,65,62,66,60,60,55,56
"Jalen Duren",C,"Detroit Pistons",82,97,55,35,67,70,50,75,80,80,80,62,80,44,70,88,62,41,81,89,88,85,73,68,81,84,89,85,80,59,59,59,50,57,93,90
"John Collins",C,"Los Angeles Clippers",82,97,79,80,85,60,80,87,90,90,81,82,83,44,80,74,49,43,72,74,38,50,71,65,75,85,92,85,84,58,60,50,58,42,63,79
"Naz Reid",C,"Minnesota Timberwolves",82,91,79,82,78,50,80,75,80,80,82,70,82,75,94,78,54,41,71,80,65,75,50,54,87,75,88,95,80,59,58,49,65,48,47,75
"Jaden McDaniels",SF,"Minnesota Timberwolves",82,89,90,80,83,70,50,84,40,75,52,56,54,37,85,83,90,63,66,88,88,90,79,91,60,80,85,85,90,44,78,70,40,37,52,62
"Trey Murphy III",SF,"New Orleans Pelicans",82,82,79,84,87,80,75,81,65,88,42,44,43,41,80,69,69,46,58,69,59,65,84,76,60,82,85,85,80,59,64,74,64,64,36,59
"Isaiah Hartenstein",C,"Oklahoma City Thunder",82,97,85,55,67,75,60,77,75,65,74,64,70,72,75,83,41,42,78,80,54,80,62,62,84,70,80,95,77,50,56,42,60,67,75,91
"Jalen Suggs",PG,"Orlando Magic",82,82,79,79,88,70,65,82,40,80,39,38,74,55,84,55,91,76,72,84,82,85,88,92,59,90,88,85,80,78,80,88,77,70,37,62
"Toumani Camara",PF,"Portland Trail Blazers",82,82,67,82,75,70,55,82,60,75,55,55,55,32,85,87,90,66,57,92,90,95,63,89,78,78,88,95,80,68,65,58,67,38,61,55
"Deni Avdija",SF,"Portland Trail Blazers",82,87,81,80,78,70,80,87,40,75,62,59,59,80,85,62,80,46,55,78,77,80,75,81,65,79,89,95,84,79,78,69,79,69,62,79
"Stephon Castle",SG,"San Antonio Spurs",82,78,60,74,72,95,70,88,40,88,39,38,39,75,85,64,83,49,45,77,75,80,82,93,59,72,90,90,80,79,83,80,80,71,47,50
"R.J. Barrett",SF,"Toronto Raptors",82,84,80,78,65,80,80,88,45,80,52,55,79,80,85,58,81,40,47,79,74,75,84,84,76,82,95,80,80,79,83,82,84,73,42,70
"Walker Kessler",C,"Utah Jazz",82,97,68,51,55,80,65,65,85,75,74,66,74,51,95,84,65,37,93,88,58,85,37,52,74,60,88,90,80,42,44,35,48,35,93,88
"Onyeka Okongwu",C,"Atlanta Hawks",81,93,88,74,75,75,70,86,85,85,54,55,57,52,80,79,64,43,71,83,65,65,74,74,70,75,88,95,83,51,54,60,50,43,77,84
"Jalen Johnson",PF,"Atlanta Hawks",81,82,78,74,75,75,80,82,75,96,66,74,69,60,80,66,66,59,66,60,57,50,76,76,68,82,85,80,80,68,58,74,69,70,50,87
"Anfernee Simons",SG,"Boston Celtics",81,84,94,82,90,70,90,89,40,89,49,49,49,57,95,49,59,41,30,50,55,40,86,89,41,90,92,90,80,78,86,79,79,71,31,45
"Ausar Thompson",SF,"Detroit Pistons",81,85,63,66,60,40,30,84,60,91,45,46,45,43,80,84,89,96,67,89,88,90,94,90,50,98,95,95,80,70,78,88,70,58,68,65
"Draymond Green",PF,"Golden State Warriors",81,94,84,74,68,50,30,70,55,65,50,51,51,30,80,93,88,70,80,95,84,95,73,84,85,66,85,90,88,80,78,69,84,73,45,73
"Andrew Nembhard",SG,"Indiana Pacers",81,95,97,84,79,70,60,80,39,60,44,52,47,41,75,68,88,82,37,85,84,85,76,88,46,71,85,69,80,80,79,74,80,71,35,52
"Aaron Nesmith",SF,"Indiana Pacers",81,96,79,87,90,60,75,77,35,55,53,57,57,78,85,72,76,43,55,76,57,75,78,76,52,79,87,85,81,69,70,64,65,32,43,60
"Bobby Portis Jr.",PF,"Milwaukee Bucks",81,93,79,80,82,75,80,74,75,70,83,83,83,74,85,78,40,41,60,75,65,65,65,64,83,64,85,90,84,55,52,59,52,47,63,87
"Dejounte Murray",SG,"New Orleans Pelicans",81,85,71,79,82,70,75,90,40,75,40,48,49,61,95,53,83,87,51,80,81,80,83,85,40,60,90,90,80,82,86,83,82,81,33,77
"Herbert Jones",SG,"New Orleans Pelicans",81,72,78,73,83,60,50,72,55,75,62,62,62,55,85,62,91,86,53,88,88,90,74,91,59,72,82,85,80,69,75,69,75,54,43,48
"Josh Hart",PF,"New York Knicks",81,91,75,78,79,60,50,84,25,70,39,58,42,44,95,78,86,59,47,80,78,80,81,86,64,69,99,99,82,73,79,79,75,70,57,81
"Luguentz Dort",SF,"Oklahoma City Thunder",81,78,89,84,75,50,55,79,50,85,40,38,44,40,85,75,94,80,58,90,88,90,79,94,70,87,92,94,80,67,72,76,68,33,48,51
"Paul George",SF,"Philadelphia 76ers",81,82,88,80,81,60,60,82,55,80,40,70,60,40,80,71,79,86,55,79,78,70,79,84,70,88,95,75,93,78,87,79,70,70,35,68
"Jrue Holiday",PG,"Portland Trail Blazers",81,86,89,80,90,60,35,85,25,65,30,72,40,40,98,66,90,80,53,89,93,90,79,90,49,68,80,92,80,74,75,79,74,65,47,52
"Shaedon Sharpe",SG,"Portland Trail Blazers",81,79,89,73,80,80,80,85,40,95,35,37,33,82,88,49,69,41,42,65,75,45,89,89,50,96,94,85,80,67,83,84,67,54,41,56
"Devin Vassell",SG,"San Antonio Spurs",81,87,90,81,80,50,75,82,40,60,51,65,65,44,80,62,80,59,55,81,85,80,72,80,60,77,89,85,82,76,82,65,79,53,34,55
"Immanuel Quickley",PG,"Toronto Raptors",81,85,87,82,86,80,80,89,40,55,50,51,45,66,98,37,80,40,35,78,64,75,82,82,54,79,89,85,79,79,86,76,79,76,34,55
"C.J. McCollum",PG,"Washington Wizards",81,91,77,83,72,80,80,87,30,40,38,46,32,52,91,35,70,40,52,70,50,65,82,84,60,80,98,95,80,75,86,82,74,70,36,50
"Alexandre Sarr",PF,"Washington Wizards",81,73,71,76,65,70,70,82,90,85,60,62,64,78,80,78,72,40,85,75,82,75,73,72,67,77,80,85,80,65,73,66,66,50,61,69
"Zaccharie Risacher",SF,"Atlanta Hawks",80,87,74,81,71,85,70,80,55,70,55,56,56,54,95,57,79,41,57,79,79,75,70,82,56,67,91,85,80,72,79,68,70,33,51,52
"Payton Pritchard",PG,"Boston Celtics",80,97,80,85,85,90,80,85,25,35,40,46,35,57,75,36,60,43,40,60,45,35,75,75,41,66,84,78,81,84,82,75,82,65,50,48
"Cameron Thomas",SG,"Brooklyn Nets",80,86,95,82,88,60,95,86,50,75,37,39,39,70,74,41,59,37,30,51,52,40,77,75,54,79,86,75,80,59,82,70,52,68,31,51
"Miles Bridges",PF,"Charlotte Hornets",80,92,70,74,87,70,80,86,60,88,84,84,84,75,75,60,59,38,62,62,68,45,75,76,84,85,93,80,85,69,76,71,74,70,43,81
"Collin Sexton",SG,"Charlotte Hornets",80,96,81,84,87,80,80,80,30,75,25,38,28,50,75,45,67,40,32,60,60,50,88,88,48,84,95,80,81,75,86,87,74,72,43,42
"De’Andre Hunter",PF,"Cleveland Cavaliers",80,92,95,84,86,70,75,79,65,70,51,52,51,60,85,63,82,41,40,80,60,80,76,83,65,75,88,80,80,67,70,69,64,33,38,58
"Daniel Gafford",C,"Dallas Mavericks",80,97,65,29,70,70,45,80,85,75,69,67,67,40,70,84,57,38,91,83,50,80,75,70,73,80,75,89,80,37,35,44,37,38,88,75
"Dereck Lively II",C,"Dallas Mavericks",80,97,60,52,64,80,60,82,85,83,59,54,59,40,90,83,57,38,91,80,54,80,50,57,70,67,80,95,80,69,52,40,68,61,90,78
"Christian Braun",SF,"Denver Nuggets",80,95,85,84,83,80,65,85,25,85,25,55,36,50,80,40,79,46,51,78,80,80,83,83,46,83,93,95,80,69,69,74,68,39,47,55
"Tobias Harris",PF,"Detroit Pistons",80,95,72,78,87,60,75,82,65,75,70,70,86,68,95,59,58,43,62,66,64,60,75,67,73,79,97,73,82,77,79,56,78,39,41,69
"Fred VanVleet",PG,"Houston Rockets",80,75,82,78,81,80,60,70,25,35,30,32,28,55,98,27,80,66,51,79,74,80,83,80,42,75,95,94,82,84,86,83,85,70,33,49
"Tari Eason",PF,"Houston Rockets",80,83,68,77,77,70,45,82,35,80,54,52,51,44,80,78,85,94,71,84,85,80,80,85,70,80,85,85,80,50,70,72,47,35,68,69
"Jabari Smith Jr.",PF,"Houston Rockets",80,90,73,80,81,75,75,75,75,85,74,75,75,54,85,70,69,33,61,67,67,55,76,76,60,75,89,85,80,65,75,69,66,29,57,71
"T.J. McConnell",PG,"Indiana Pacers",80,96,94,75,74,80,75,76,25,25,44,58,38,40,79,49,82,90,52,70,87,80,76,82,44,65,85,92,83,88,79,73,86,84,42,55
"Obi Toppin",PF,"Indiana Pacers",80,98,53,80,79,70,60,88,85,90,67,67,69,60,90,66,48,42,56,62,47,40,70,69,74,90,88,70,88,55,60,56,59,44,45,72
"Brook Lopez",C,"Los Angeles Clippers",80,98,86,81,85,75,40,60,80,65,80,80,80,60,95,86,45,37,86,94,78,95,25,60,89,60,92,90,79,35,35,25,78,34,50,54
"Bradley Beal",SG,"Los Angeles Clippers",80,97,85,84,81,65,85,89,30,75,55,55,54,45,92,45,60,46,56,57,40,40,76,83,62,87,84,78,82,74,86,76,74,65,36,47
"Rui Hachimura",SF,"Los Angeles Lakers",80,83,83,85,77,80,80,79,80,80,74,70,72,60,85,60,54,40,53,59,50,35,72,74,79,80,90,85,80,51,72,67,54,32,50,57
"Andrew Wiggins",SF,"Miami Heat",80,94,79,81,77,70,70,77,40,85,65,74,77,50,85,55,74,46,66,70,67,65,82,82,57,97,87,90,83,62,79,80,60,50,50,51
"Jordan Poole",PG,"New Orleans Pelicans",80,80,68,81,88,70,80,88,45,60,29,47,44,78,80,47,57,63,51,54,51,30,81,79,61,73,80,65,80,83,89,80,82,72,33,47
"Alex Caruso",SG,"Oklahoma City Thunder",80,84,82,78,80,50,40,75,35,75,30,43,29,40,85,51,93,97,70,90,92,95,82,94,31,72,85,85,81,75,78,82,75,64,45,55
"Quentin Grimes",SG,"Philadelphia 76ers",80,82,79,84,74,75,80,82,25,70,39,48,42,72,80,46,83,53,50,80,78,75,86,84,63,75,85,80,80,70,79,79,75,65,41,61
"Jared McCain",SG,"Philadelphia 76ers",80,84,95,82,88,75,80,84,30,70,37,38,38,60,85,45,63,41,25,60,60,55,76,76,52,68,90,80,80,73,86,75,73,66,36,47
"Keegan Murray",PF,"Sacramento Kings",80,91,72,83,83,60,60,77,60,80,69,69,69,45,80,68,78,38,66,64,75,75,76,79,60,79,85,86,80,65,70,73,66,31,56,64
"Malik Monk",SG,"Sacramento Kings",80,97,90,80,87,75,80,82,40,75,25,62,45,44,95,45,60,43,57,54,57,45,80,80,48,88,88,72,80,75,79,76,75,72,33,54
"Jakob Poeltl",C,"Toronto Raptors",80,97,79,45,67,80,65,73,75,60,84,79,84,60,85,81,45,56,80,79,67,80,51,37,80,57,80,80,80,69,38,31,62,58,79,83
"Nic Claxton",C,"Brooklyn Nets",79,82,69,64,52,65,35,67,80,75,72,64,72,55,80,84,79,46,86,85,64,85,69,77,71,79,90,89,80,40,49,44,48,53,67,83
"Matas Buzelis",SF,"Chicago Bulls",79,85,75,79,85,75,85,85,65,89,62,58,60,59,90,58,62,35,81,65,62,50,86,70,60,84,90,85,80,65,72,76,69,32,44,64
"P.J. Washington",PF,"Dallas Mavericks",79,81,59,82,74,63,50,75,65,80,68,63,63,44,95,83,85,46,67,84,85,80,75,84,68,69,85,85,79,55,70,63,60,39,49,79
"Klay Thompson",SG,"Dallas Mavericks",79,77,78,89,91,60,75,70,35,65,35,65,64,30,85,60,75,40,52,70,48,70,71,75,62,67,91,80,94,57,67,71,57,42,37,52
"Tim Hardaway Jr.",SG,"Denver Nuggets",79,91,72,85,83,85,80,86,35,78,36,53,38,70,71,45,70,36,32,63,58,40,68,75,55,78,85,83,83,75,78,68,84,34,30,46
"Jaden Ivey",SG,"Detroit Pistons",79,83,65,84,73,60,65,85,30,85,44,42,44,62,90,59,71,43,51,70,69,65,88,91,54,85,92,85,80,79,86,87,78,70,50,51
"Brandin Podziemski",SG,"Golden State Warriors",79,97,80,83,76,80,60,87,35,60,54,55,55,60,85,45,63,59,42,62,72,45,82,82,54,78,89,85,80,69,80,81,68,67,45,67
"Al Horford",PF,"Golden State Warriors",79,91,68,80,90,65,40,65,70,65,76,84,83,37,84,82,68,38,67,85,78,85,53,67,91,69,95,85,78,79,50,33,84,41,51,72
"Bennedict Mathurin",SF,"Indiana Pacers",79,93,70,77,83,50,75,78,35,80,55,58,55,67,90,42,69,37,51,65,62,50,84,84,54,82,92,85,80,75,79,81,82,36,47,65
"Deandre Ayton",C,"Los Angeles Lakers",79,94,88,63,67,60,50,79,90,75,82,78,82,41,82,66,49,40,70,67,64,55,75,65,85,82,75,50,81,53,61,55,70,35,73,88
"Ty Jerome",PG,"Memphis Grizzlies",79,98,94,86,89,80,90,88,40,45,38,37,37,48,80,32,56,86,27,62,48,35,69,73,46,62,85,68,80,84,86,68,84,71,45,48
"Zach Edey",C,"Memphis Grizzlies",79,82,60,80,71,80,60,60,80,70,82,65,82,50,95,79,37,38,87,79,67,75,46,31,84,66,79,85,80,58,39,30,63,32,94,81
"Kel’el Ware",C,"Miami Heat",79,97,64,75,70,75,60,77,85,86,65,54,60,62,90,75,37,42,83,69,50,60,66,68,66,90,89,90,80,37,52,46,52,32,67,89
"Yves Missi",C,"New Orleans Pelicans",79,82,42,30,64,80,40,70,85,80,62,50,58,40,90,80,48,36,83,73,45,60,78,67,72,85,80,95,80,29,35,45,37,33,88,75
"Cason Wallace",PG,"Oklahoma City Thunder",79,90,72,80,83,65,45,85,25,70,31,37,37,37,95,72,89,96,58,89,88,90,75,91,55,72,90,85,80,75,78,75,75,43,46,47
"Dillon Brooks",SF,"Phoenix Suns",79,82,90,83,82,70,60,74,35,75,55,59,64,38,85,77,90,40,40,90,90,90,75,88,65,75,88,95,85,59,70,69,58,34,41,47
"Mark Williams",C,"Phoenix Suns",79,87,60,36,79,70,80,77,85,75,60,60,60,55,85,75,44,41,82,74,60,60,65,64,86,75,75,88,57,44,35,32,64,64,78,91
"Jerami Grant",SF,"Portland Trail Blazers",79,54,75,80,85,70,75,89,80,85,62,59,69,75,95,70,69,41,68,77,72,75,77,77,69,78,95,94,82,69,76,72,70,39,34,49
"Khris Middleton",SF,"Washington Wizards",79,95,96,81,86,60,45,82,40,65,67,75,74,40,85,67,74,49,50,74,70,70,71,74,73,66,75,80,90,74,75,71,74,74,30,65
"Nickeil Alexander-Walker",SG,"Atlanta Hawks",78,83,85,83,77,70,60,83,40,60,54,58,64,67,88,52,84,74,55,82,80,80,72,87,60,70,90,75,80,75,81,72,76,59,39,52
"Lonzo Ball",PG,"Cleveland Cavaliers",78,55,68,78,82,50,60,70,30,75,35,44,40,50,84,60,84,86,58,84,85,85,85,86,52,80,93,70,80,83,86,85,83,68,41,56
"D’Angelo Russell",PG,"Dallas Mavericks",78,94,67,75,84,65,70,88,25,45,35,55,60,88,81,40,57,56,55,54,40,45,81,65,54,71,93,65,83,87,90,81,88,76,32,52
"Naji Marshall",PF,"Dallas Mavericks",78,97,88,70,84,75,75,86,45,70,57,58,58,49,80,52,60,53,37,62,64,40,62,65,67,75,85,70,80,67,74,62,71,61,47,62
"Jonas Valanciunas",C,"Denver Nuggets",78,98,81,63,87,70,50,80,80,65,84,64,84,65,80,69,40,40,67,60,47,45,49,48,91,54,90,80,81,36,35,33,65,65,83,90
"Caris LeVert",SG,"Detroit Pistons",78,82,73,81,72,70,80,81,60,75,52,54,49,79,95,45,74,49,58,70,68,60,75,77,54,80,92,80,78,75,86,72,84,66,38,52
"Jonathan Kuminga",PF,"Golden State Warriors",78,86,63,74,64,70,70,86,65,85,49,50,50,72,85,73,73,49,56,70,69,50,84,84,73,90,88,80,80,69,67,75,60,59,50,65
"Chris Paul",PG,"Los Angeles Clippers",78,95,88,81,94,85,50,86,25,27,40,55,70,50,85,57,73,66,45,73,70,65,78,78,62,75,70,65,77,85,87,78,85,80,32,56
"Bogdan Bogdanovic",SG,"Los Angeles Clippers",78,93,95,80,87,70,75,79,50,65,62,57,57,50,85,44,63,43,45,57,52,40,75,75,63,78,89,67,77,74,79,73,79,60,34,53
"Marcus Smart",PG,"Los Angeles Lakers",78,80,87,78,80,50,30,70,25,50,25,58,78,27,70,74,89,83,51,90,91,90,75,89,73,83,89,90,83,75,74,74,75,70,38,45
"Brandon Clarke",C,"Memphis Grizzlies",78,97,78,57,70,60,35,87,80,84,63,62,62,55,80,80,75,59,65,80,72,80,84,83,64,82,90,95,80,59,69,65,62,33,75,68
"Santi Aldama",PF,"Memphis Grizzlies",78,94,72,81,70,80,75,79,70,65,72,71,72,50,95,67,66,42,56,74,68,65,59,60,70,59,80,80,79,70,68,54,70,60,57,77
"Donte DiVincenzo",SG,"Minnesota Timberwolves",78,76,81,84,79,75,50,80,25,75,28,45,38,52,70,58,82,70,50,84,88,80,87,87,60,95,90,85,81,77,79,81,79,70,36,60
"Mike Conley",PG,"Minnesota Timberwolves",78,72,70,85,91,70,45,76,25,30,25,40,29,60,84,31,83,70,42,83,80,80,83,84,40,92,85,80,82,85,86,83,85,72,35,47
"Mitchell Robinson",C,"New York Knicks",78,75,68,32,37,70,35,66,85,80,65,52,50,41,80,83,49,83,87,87,65,80,48,65,84,76,80,85,80,70,40,25,54,30,98,77
"Jordan Clarkson",SG,"New York Knicks",78,82,88,80,80,70,80,82,25,70,30,37,38,75,98,43,58,43,47,52,49,40,79,75,54,85,80,80,83,73,86,79,73,71,38,50
"Isaiah Joe",SG,"Oklahoma City Thunder",78,91,72,88,79,80,75,81,40,60,35,38,30,85,85,42,69,42,40,61,52,55,72,77,47,79,80,75,87,67,74,63,69,37,38,50
"Wendell Carter Jr.",C,"Orlando Magic",78,79,80,60,74,65,45,78,80,75,82,82,81,75,85,78,47,41,62,80,70,70,68,55,82,68,85,90,81,56,50,47,70,43,68,84
"Anthony Black",PG,"Orlando Magic",78,82,71,79,75,70,40,85,35,75,48,52,52,64,85,63,84,66,63,84,82,80,75,85,58,75,92,90,80,80,86,74,77,69,40,52
"Kelly Oubre Jr.",SF,"Philadelphia 76ers",78,87,73,72,75,65,70,82,40,84,45,53,52,70,88,49,74,66,53,70,75,55,72,82,58,95,90,75,84,73,74,69,75,34,51,66
"Scoot Henderson",PG,"Portland Trail Blazers",78,76,77,77,77,70,75,83,35,88,44,44,44,40,95,41,66,56,42,65,67,50,90,89,53,90,95,80,80,79,86,90,77,74,40,47
"Robert Williams III",C,"Portland Trail Blazers",78,96,69,25,81,50,35,82,80,75,60,50,65,37,75,83,40,53,95,88,85,85,71,64,83,75,80,90,81,57,48,38,62,36,74,86
"Dennis Schroder",PG,"Sacramento Kings",78,79,89,77,84,70,80,82,25,45,25,38,27,40,85,34,73,46,40,72,67,60,84,88,46,74,93,90,80,84,86,84,84,74,31,48
"Dylan Harper",SG,"San Antonio Spurs",78,81,77,79,75,60,60,88,30,85,34,48,45,69,95,52,70,72,42,70,68,65,88,89,52,83,90,85,80,75,90,86,75,69,30,39
"Harrison Barnes",SF,"San Antonio Spurs",78,93,87,86,78,60,70,86,55,80,48,65,79,40,75,67,72,33,40,65,65,60,77,75,70,95,92,75,82,62,78,73,67,36,48,49
"Keldon Johnson",SF,"San Antonio Spurs",78,86,83,78,77,70,70,87,65,75,59,62,62,61,95,67,73,41,51,69,64,65,76,78,70,71,90,95,80,74,79,73,74,40,57,63
"Gradey Dick",SG,"Toronto Raptors",78,74,85,78,86,80,75,85,35,75,36,47,40,66,80,55,73,43,40,69,73,55,76,74,54,78,89,85,80,70,79,74,68,37,40,51
"Kyle Filipowski",C,"Utah Jazz",78,98,70,80,64,80,75,64,70,70,74,72,74,50,85,60,55,43,51,65,57,45,77,57,62,66,85,90,80,60,69,57,60,53,63,82
"Isaiah Collier",PG,"Utah Jazz",78,88,57,73,67,75,70,87,30,75,28,41,37,50,95,30,62,49,45,57,57,55,95,88,60,75,89,80,80,86,86,95,86,79,34,54
"Keyonte George",PG,"Utah Jazz",78,87,69,78,80,80,75,83,40,65,47,49,48,60,90,34,65,38,35,57,58,50,79,78,55,72,84,85,80,77,86,78,78,73,32,53
"Bub Carrington",PG,"Washington Wizards",78,87,92,79,83,80,70,75,35,60,54,55,55,57,85,40,55,38,42,52,52,35,82,72,54,75,89,80,80,79,86,77,79,70,32,58
"Bilal Coulibaly",SG,"Washington Wizards",78,72,51,75,75,75,50,84,60,85,50,50,50,50,80,67,80,53,58,78,78,75,82,85,63,85,92,80,80,69,72,64,72,61,47,52
"Max Strus",SF,"Cleveland Cavaliers",77,86,85,83,88,70,50,74,35,65,48,47,47,42,85,45,66,37,42,60,57,50,76,76,40,74,95,70,85,72,69,74,70,61,49,59
"Moses Moody",SF,"Golden State Warriors",77,93,37,82,78,70,65,84,40,70,44,48,49,70,80,68,71,46,56,69,60,65,73,77,68,70,88,80,80,65,74,70,64,36,41,47
"Buddy Hield",SG,"Golden State Warriors",77,97,56,85,78,75,50,75,25,65,28,45,48,59,94,48,69,56,51,54,60,50,75,78,41,78,90,60,82,70,79,74,70,42,38,56
"Dorian Finney-Smith",PF,"Houston Rockets",77,80,71,83,64,70,65,84,40,84,54,50,54,58,72,72,83,43,51,74,74,75,67,82,62,83,80,80,81,65,60,44,68,32,50,52
"Clint Capela",C,"Houston Rockets",77,83,50,25,54,70,30,70,80,75,64,48,64,34,70,83,47,40,80,86,74,80,58,51,82,68,78,75,83,34,48,30,35,34,91,90
"Jarred Vanderbilt",PF,"Los Angeles Lakers",77,85,69,67,48,50,40,79,75,75,40,32,50,50,85,83,83,90,51,82,88,80,75,83,70,80,75,95,78,60,65,65,38,39,87,80
"Davion Mitchell",PG,"Miami Heat",77,86,40,84,67,65,50,79,25,40,30,30,30,30,95,44,87,49,42,85,82,85,82,88,60,70,90,95,80,75,86,82,75,71,34,42
"Cole Anthony",PG,"Milwaukee Bucks",77,87,72,79,82,70,75,79,40,85,49,58,44,62,80,45,69,56,61,55,52,45,84,84,59,77,88,85,98,77,84,84,78,72,46,65
"Gary Trent Jr.",SG,"Milwaukee Bucks",77,94,78,85,83,65,60,80,40,75,44,57,46,84,73,50,61,53,30,60,64,35,85,76,58,90,80,70,82,70,79,77,71,31,31,45
"Kyle Kuzma",PF,"Milwaukee Bucks",77,82,60,74,63,60,60,75,75,75,66,65,66,50,95,66,75,36,47,74,72,70,74,74,74,75,85,95,83,66,77,67,78,46,39,69
"Jose Alvarado",PG,"New Orleans Pelicans",77,78,78,80,80,70,55,78,25,30,35,30,30,40,85,31,85,90,50,85,85,85,76,86,42,78,80,79,80,74,73,75,68,73,35,47
"Guerschon Yabusele",PF,"New York Knicks",77,87,67,81,74,75,70,80,50,85,62,62,62,45,80,62,66,43,52,52,41,40,62,60,74,70,80,85,84,62,66,54,66,43,63,66
"Aaron Wiggins",PF,"Oklahoma City Thunder",77,80,73,82,83,80,75,80,35,70,52,57,54,62,76,48,59,46,51,57,52,55,84,84,45,72,80,65,80,68,70,75,68,40,51,56
"Tyus Jones",PG,"Orlando Magic",77,93,71,84,89,95,60,89,25,30,28,40,35,74,78,30,67,43,32,60,80,50,71,71,34,57,92,87,84,84,86,69,88,73,36,43
"Donovan Clingan",C,"Portland Trail Blazers",77,67,59,71,60,70,30,60,85,75,72,54,69,40,75,82,49,41,93,82,58,80,44,45,78,60,82,75,80,55,46,38,62,34,93,87
"Jeremy Sochan",PF,"San Antonio Spurs",77,75,45,73,68,70,40,84,60,80,48,52,53,79,70,65,74,46,57,69,68,65,70,74,60,74,90,85,80,79,79,65,82,53,69,69
"Ace Bailey",SF,"Utah Jazz",77,83,83,79,69,65,65,80,60,80,59,62,60,55,80,59,68,55,59,67,68,60,85,84,61,79,88,80,80,66,78,79,66,37,56,62
"Jusuf Nurkic",C,"Utah Jazz",77,90,88,73,69,60,50,68,75,65,77,72,77,70,85,71,45,53,72,79,60,70,51,49,90,50,86,75,72,60,40,25,82,61,67,94
"KyShawn George",SF,"Washington Wizards",77,74,59,80,77,85,70,83,40,60,59,58,59,30,95,70,70,49,69,71,70,60,64,74,60,72,90,85,80,66,74,60,66,47,40,57
"Corey Kispert",SG,"Washington Wizards",77,90,85,85,85,70,65,70,40,60,38,39,39,42,75,54,70,36,45,69,67,65,76,76,60,69,84,80,80,66,71,66,69,38,37,48
"Sam Hauser",SF,"Boston Celtics",76,89,94,87,89,70,70,60,40,60,44,45,45,55,95,48,55,42,45,52,44,45,61,62,66,62,85,88,80,50,43,55,60,31,41,57
"Spencer Dinwiddie",PG,"Charlotte Hornets",76,86,90,77,81,50,50,83,35,55,49,52,52,50,98,42,74,46,42,68,59,70,82,82,45,75,95,85,77,88,88,82,90,71,30,48
"Tre Jones",PG,"Chicago Bulls",76,96,65,79,81,70,60,86,25,35,32,34,30,52,80,34,73,59,47,70,67,60,80,80,60,71,85,75,81,83,84,80,83,82,43,47
"Kevin Huerter",SG,"Chicago Bulls",76,95,72,82,72,60,65,85,30,65,25,58,35,50,90,44,64,56,53,58,57,50,84,73,50,75,85,80,83,74,79,72,76,44,35,53
"Ayo Dosunmu",SG,"Chicago Bulls",76,87,91,76,79,70,70,86,25,75,35,50,42,40,80,38,69,42,51,68,69,65,76,78,52,75,85,75,80,72,79,73,79,70,35,50
"Bruce Brown",PG,"Denver Nuggets",76,74,60,75,85,75,70,72,30,70,28,34,42,60,95,58,77,53,51,79,75,65,78,78,75,80,92,80,84,79,79,76,87,49,48,63
"Duncan Robinson",SG,"Detroit Pistons",76,94,81,84,90,75,70,75,30,70,40,44,35,54,90,50,52,38,32,50,50,30,59,65,35,72,85,75,83,66,72,56,70,60,30,47
"Jay Huff",C,"Indiana Pacers",76,87,72,84,77,80,75,67,65,65,74,74,74,38,80,79,32,36,90,78,64,75,48,47,62,62,80,85,77,50,43,33,60,33,45,61
"Kris Dunn",SG,"Los Angeles Clippers",76,94,84,75,65,70,30,70,40,55,39,60,42,44,80,40,87,97,55,88,88,85,83,87,56,83,85,90,84,72,78,82,74,62,42,57
"Derrick Jones Jr.",SF,"Los Angeles Clippers",76,90,82,80,70,60,50,79,85,94,50,52,52,52,90,67,82,63,57,81,80,80,77,82,59,93,83,80,78,65,68,61,54,29,53,50
"Dalton Knecht",SF,"Los Angeles Lakers",76,93,90,85,75,70,55,78,45,65,48,49,49,44,85,50,59,35,35,59,57,35,86,59,50,77,90,85,80,64,68,74,65,33,38,58
"Scotty Pippen Jr.",PG,"Memphis Grizzlies",76,88,57,83,71,80,75,82,25,65,25,36,31,50,72,31,62,90,56,54,55,50,82,82,39,79,82,75,80,85,86,82,85,73,45,56
"Jaylen Wells",SF,"Memphis Grizzlies",76,88,71,81,81,70,40,78,45,70,42,44,42,55,80,51,80,37,35,78,75,75,86,80,60,67,85,85,80,62,75,70,64,35,47,47
"Kentavious Caldwell-Pope",SG,"Memphis Grizzlies",76,93,94,80,87,50,40,74,35,73,35,58,35,40,90,45,87,63,55,82,82,85,85,84,60,69,92,85,84,67,70,80,68,36,33,42
"Precious Achiuwa",PF,"Miami Heat",76,72,60,72,63,60,50,79,85,80,57,44,42,51,75,79,56,56,72,79,70,75,75,74,78,79,84,90,76,36,49,66,50,31,73,76
"Jaime Jaquez Jr.",SF,"Miami Heat",76,83,68,73,76,70,55,74,55,88,60,64,63,45,80,68,72,76,42,75,72,75,67,75,68,82,88,90,80,70,73,64,74,65,58,66
"Kevin Porter Jr.",PG,"Milwaukee Bucks",76,88,85,78,74,50,60,85,40,80,25,62,44,84,80,44,69,73,47,64,60,40,85,75,52,75,88,80,80,82,82,83,82,72,40,69
"Miles McBride",PG,"New York Knicks",76,80,96,81,82,75,65,80,25,65,25,58,48,55,80,40,81,56,47,78,74,75,86,86,44,80,85,85,80,72,88,80,72,53,41,45
"Kenrich Williams",PF,"Oklahoma City Thunder",76,88,76,84,81,70,50,79,40,65,57,58,58,55,90,68,75,49,47,74,75,75,66,75,63,72,80,90,80,69,69,63,69,42,56,66
"Andre Drummond",C,"Philadelphia 76ers",76,91,47,47,62,60,40,66,85,80,70,45,64,40,85,75,52,86,62,74,70,65,60,58,94,79,75,75,81,52,45,49,70,32,92,94
"VJ Edgecombe",SG,"Philadelphia 76ers",76,82,74,77,78,60,50,85,35,89,41,53,40,50,85,53,77,79,70,77,75,75,89,91,57,88,85,85,80,75,86,85,80,69,54,47
"Grayson Allen",SF,"Phoenix Suns",76,76,70,87,81,60,65,85,25,70,31,43,42,69,78,35,72,49,51,70,74,45,84,78,44,81,85,80,82,70,78,79,78,45,37,52
"Nick Richards",C,"Phoenix Suns",76,86,79,25,74,70,45,62,75,75,52,47,52,40,80,75,47,32,81,78,40,70,72,70,65,75,81,85,84,37,35,49,36,31,86,89
"Keon Ellis",SG,"Sacramento Kings",76,96,76,86,86,70,55,75,25,65,27,40,38,54,78,58,84,96,71,82,80,80,81,84,48,79,85,80,80,64,74,77,65,35,42,46
"Kelly Olynyk",C,"San Antonio Spurs",76,88,70,85,78,75,65,75,70,60,79,79,79,49,78,70,50,53,60,66,45,65,31,35,70,55,89,90,82,70,42,25,76,70,62,71
"Luke Kornet",C,"San Antonio Spurs",76,80,56,70,71,75,65,60,75,60,72,72,72,58,85,74,32,41,83,76,54,70,38,37,66,62,85,85,77,50,43,33,60,45,91,66
"Luke Kennard",SG,"Atlanta Hawks",75,93,89,87,89,70,65,70,30,60,28,35,32,49,80,35,51,46,32,50,50,40,69,68,40,60,92,70,80,74,75,66,74,67,38,50
"Terance Mann",SG,"Brooklyn Nets",75,94,74,82,66,70,45,83,45,75,47,50,50,41,75,54,66,49,51,62,59,50,71,73,50,79,85,90,80,79,79,70,83,43,50,52
"Ziaire Williams",SF,"Brooklyn Nets",75,61,68,77,83,70,50,75,65,80,48,44,58,50,75,60,73,59,56,70,74,70,87,87,40,82,90,80,80,50,79,82,54,36,46,69
"Mason Plumlee",C,"Charlotte Hornets",75,85,60,58,65,70,50,81,85,80,75,70,70,40,81,74,46,40,75,72,68,60,57,48,80,75,78,92,83,75,37,50,72,55,71,89
"Kon Knueppel",SG,"Charlotte Hornets",75,78,82,85,91,65,60,76,40,55,40,40,40,44,95,48,64,42,32,62,64,60,65,70,62,78,89,70,80,69,76,64,70,57,39,44
"Tre Mann",SG,"Charlotte Hornets",75,93,93,84,84,70,75,87,25,60,35,55,60,45,85,49,62,38,52,60,59,40,74,74,53,68,88,75,80,77,83,73,75,70,45,48
"Zach Collins",C,"Chicago Bulls",75,93,79,73,88,70,50,70,70,65,84,78,83,50,75,68,45,43,67,67,65,40,66,65,60,79,75,75,80,30,40,38,30,61,75,75
"Patrick Williams",PF,"Chicago Bulls",75,72,73,77,73,50,60,68,60,65,44,42,40,45,80,70,76,41,57,80,65,65,70,74,64,77,88,75,81,60,70,64,62,40,40,57
"Jalen Smith",C,"Chicago Bulls",75,97,72,74,82,60,60,69,85,80,72,71,71,47,80,70,48,36,80,73,44,45,69,68,65,86,82,70,80,29,38,49,40,34,72,88
"Max Christie",SG,"Dallas Mavericks",75,74,73,80,84,70,65,74,35,80,39,42,42,41,90,44,80,43,52,77,75,75,87,87,55,82,98,85,80,68,70,78,66,37,35,52
"Dante Exum",SF,"Dallas Mavericks",75,83,73,84,74,70,50,75,25,60,28,55,40,52,85,27,78,63,51,78,78,75,79,79,48,77,80,75,83,73,75,79,73,72,30,47
"Peyton Watson",PF,"Denver Nuggets",75,77,49,79,71,70,40,74,60,65,44,42,40,40,95,78,78,42,85,80,78,80,77,80,55,82,88,75,80,60,70,76,62,33,41,53
"Steven Adams",C,"Houston Rockets",75,92,65,26,42,40,35,69,70,70,72,62,69,49,75,80,55,42,72,80,70,70,48,63,96,68,68,75,82,69,35,33,68,42,96,80
"Nicolas Batum",PF,"Los Angeles Clippers",75,88,79,86,77,75,35,74,55,60,40,63,62,35,85,66,73,56,67,68,50,65,68,75,65,82,88,85,83,70,71,68,73,35,43,61
"Jaxson Hayes",C,"Los Angeles Lakers",75,95,68,60,71,60,40,77,85,80,68,54,65,52,90,78,48,42,82,79,45,65,58,64,72,75,80,95,80,29,38,41,40,34,65,75
"Nikola Jovic",PF,"Miami Heat",75,86,70,81,83,85,70,83,30,60,55,60,44,62,90,59,62,46,51,60,57,40,68,68,44,72,85,70,80,69,70,67,68,65,37,62
"Taurean Prince",SF,"Milwaukee Bucks",75,73,80,86,83,80,60,76,75,70,52,45,51,55,85,64,74,53,40,68,81,60,80,78,60,84,84,85,81,68,70,69,55,38,34,55
"Ryan Rollins",PG,"Milwaukee Bucks",75,80,74,84,84,70,60,78,25,65,40,42,42,77,85,43,60,76,61,59,52,45,86,86,39,80,85,79,80,78,78,82,78,72,40,53
"Saddiq Bey",SF,"New Orleans Pelicans",75,71,71,74,80,75,70,80,45,60,43,42,52,84,84,64,69,40,37,67,65,65,63,72,69,70,81,90,81,64,76,57,75,31,66,59
"Karlo Matkovic",PF,"New Orleans Pelicans",75,95,69,71,80,70,65,77,75,75,69,68,68,44,75,73,41,41,85,66,54,50,56,51,77,67,80,80,80,50,55,47,52,37,67,76
"Jaylin Williams",C,"Oklahoma City Thunder",75,89,84,82,80,70,65,69,70,70,62,61,62,40,75,68,45,41,77,62,57,50,50,57,60,62,78,90,80,70,59,38,74,67,59,90
"Goga Bitadze",C,"Orlando Magic",75,97,68,65,64,70,40,50,75,65,76,68,76,40,70,78,25,49,89,80,40,80,53,37,88,63,80,75,80,54,60,52,69,58,83,86
"Moritz Wagner",C,"Orlando Magic",75,96,78,80,72,60,80,75,75,65,74,74,74,40,70,58,40,66,62,58,54,35,73,67,78,75,78,85,81,54,40,53,55,53,65,85
"Kyle Lowry",PG,"Philadelphia 76ers",75,90,85,75,82,60,45,70,25,25,38,44,40,45,95,60,80,76,56,80,80,80,84,84,67,72,96,97,79,75,79,84,80,67,34,48
"Justin Edwards",SF,"Philadelphia 76ers",75,82,86,80,70,70,65,79,40,80,40,40,40,44,75,50,68,56,53,58,54,50,82,82,59,81,85,80,80,65,70,79,65,37,47,51
"Royce O’Neale",SF,"Phoenix Suns",75,65,70,83,73,75,60,80,55,70,54,52,59,59,75,68,80,53,56,80,68,75,62,83,67,65,80,80,82,60,68,62,63,47,41,69
"Ryan Dunn",SF,"Phoenix Suns",75,95,66,74,48,60,35,75,55,80,38,37,37,30,80,76,80,42,67,80,80,80,83,88,65,79,88,90,80,60,69,69,55,31,58,59
"Matisse Thybulle",SF,"Portland Trail Blazers",75,79,48,81,68,50,25,74,35,70,30,30,30,25,70,60,85,98,63,85,97,85,76,85,59,70,85,90,80,55,65,69,35,48,46,63
"Sandro Mamukelashvili",PF,"Toronto Raptors",75,84,69,80,73,70,65,69,65,65,62,60,63,54,85,65,50,46,63,68,52,45,59,59,73,69,85,85,80,62,59,49,69,41,70,75
"Brice Sensabaugh",SF,"Utah Jazz",75,95,74,85,91,70,65,80,35,60,57,59,57,41,95,50,55,43,37,55,50,35,65,67,64,70,88,70,79,65,74,62,63,43,41,56
"Cam Whitmore",SF,"Washington Wizards",75,65,89,73,74,70,70,81,40,80,57,59,59,50,70,57,67,49,55,57,58,50,84,84,68,84,85,80,80,68,86,84,69,34,50,65
"Tre Johnson",SG,"Washington Wizards",75,74,85,83,87,65,60,77,50,75,42,44,75,55,95,41,62,40,30,60,62,55,77,82,54,86,86,80,80,66,86,76,67,52,31,44
"Mouhamed Gueye",PF,"Atlanta Hawks",74,75,67,63,73,75,70,72,75,80,52,51,52,58,90,60,48,73,88,57,50,45,67,67,63,75,88,90,80,60,60,52,62,32,58,69
"Neemias Queta",C,"Boston Celtics",74,98,57,40,74,70,35,72,75,70,62,60,62,40,75,76,45,36,85,70,48,65,59,59,76,65,80,90,80,52,38,30,62,31,72,68
"Day’Ron Sharpe",C,"Brooklyn Nets",74,87,74,67,76,65,35,73,75,70,48,35,48,44,70,69,60,73,82,69,55,60,61,61,79,73,80,90,80,62,58,38,66,65,91,84
"Jalen Wilson",SF,"Brooklyn Nets",74,82,79,74,83,75,60,78,30,75,55,54,55,50,90,35,57,37,30,50,52,40,82,79,30,75,80,84,80,64,68,73,63,41,45,52
"Isaac Okoro",SF,"Chicago Bulls",74,80,60,79,72,60,35,80,45,75,47,49,47,34,80,68,84,43,55,80,82,80,77,85,67,80,89,80,82,65,71,73,67,35,51,44
"Larry Nance Jr.",C,"Cleveland Cavaliers",74,93,74,75,70,65,40,72,85,85,58,54,59,50,78,74,61,76,74,78,76,60,65,61,69,86,80,85,83,69,64,49,70,44,53,70
"Dean Wade",PF,"Cleveland Cavaliers",74,78,70,79,52,85,65,78,80,75,60,60,64,44,70,50,77,46,55,74,68,65,62,75,60,83,80,85,79,38,60,43,55,33,49,67
"Sam Merrill",SG,"Cleveland Cavaliers",74,70,81,84,97,75,75,64,30,45,30,44,48,55,80,42,68,49,47,62,62,55,62,68,52,60,80,60,79,74,76,60,79,38,41,47
"Caleb Martin",PF,"Dallas Mavericks",74,83,71,78,63,65,50,84,25,70,55,54,54,48,75,68,75,53,58,74,72,70,68,74,58,74,85,90,80,62,69,59,69,41,47,55
"Julian Strawther",SG,"Denver Nuggets",74,94,55,79,83,75,60,79,35,70,40,40,40,62,95,44,74,41,50,68,68,65,63,70,53,64,90,75,80,64,74,57,65,34,32,47
"Isaiah Stewart",PF,"Detroit Pistons",74,96,76,73,76,50,50,76,75,70,75,64,75,50,70,78,67,37,88,72,42,50,63,71,89,70,81,85,77,44,34,52,50,43,71,77
"Marcus Sasser",PG,"Detroit Pistons",74,95,72,82,84,75,60,78,25,50,32,37,37,47,75,35,70,66,37,67,67,65,75,83,47,69,85,85,80,74,80,75,74,71,37,42
"Ron Holland",SF,"Detroit Pistons",74,94,70,59,79,75,40,85,55,80,40,42,42,55,80,65,70,56,51,67,65,55,85,86,59,80,90,75,80,60,75,79,60,37,42,64
"Seth Curry",SG,"Golden State Warriors",74,70,97,89,80,70,70,85,25,36,27,35,30,35,69,25,57,40,42,54,55,35,78,78,41,68,89,80,80,75,78,77,75,37,37,48
"De’Anthony Melton",SG,"Golden State Warriors",74,74,60,81,81,65,60,77,25,70,25,58,48,49,95,48,82,86,56,82,82,80,76,81,44,75,80,85,83,74,79,74,74,70,50,55
"Trayce Jackson-Davis",C,"Golden State Warriors",74,88,70,44,59,70,30,78,80,85,60,60,60,40,75,63,58,40,74,57,55,50,79,74,63,88,85,85,80,62,66,69,64,62,81,80
"Quinten Post",C,"Golden State Warriors",74,94,80,81,86,65,60,69,75,65,67,62,65,40,80,62,33,40,63,60,45,50,47,33,70,40,80,70,80,59,43,32,60,47,52,71
"Josh Okogie",SF,"Houston Rockets",74,69,78,79,73,50,35,77,30,75,42,44,44,49,70,50,77,88,67,78,77,70,89,84,58,92,80,95,82,69,76,81,62,33,66,57
"Ben Sheppard",SG,"Indiana Pacers",74,83,78,78,91,75,60,78,35,60,48,49,47,49,80,54,79,43,50,78,75,75,84,84,54,75,85,90,80,70,73,74,70,36,45,55
"Gabe Vincent",PG,"Los Angeles Lakers",74,93,94,81,78,70,60,80,25,45,26,32,26,37,90,37,60,46,45,60,57,45,73,73,40,66,85,69,82,78,82,70,79,37,33,37
"Jake LaRavia",PF,"Los Angeles Lakers",74,91,66,83,68,60,40,73,60,75,60,60,60,58,70,78,78,63,57,77,78,75,59,78,62,72,88,85,80,69,68,57,68,62,61,58
"Jock Landale",C,"Memphis Grizzlies",74,90,77,63,69,70,60,75,65,65,84,84,84,44,70,71,48,36,74,62,60,45,54,54,64,75,80,70,80,57,52,45,57,41,85,69
"GG Jackson",SF,"Memphis Grizzlies",74,71,70,77,74,65,65,71,65,85,59,59,59,54,95,58,58,37,50,70,69,40,82,79,62,82,88,60,80,59,62,80,50,36,58,60
"Terry Rozier III",PG,"Miami Heat",74,85,80,72,86,50,50,84,40,75,45,53,48,85,98,55,75,37,51,59,65,50,82,82,62,84,98,92,82,75,88,82,78,61,40,57
"Pelle Larsson",SG,"Miami Heat",74,79,78,78,67,75,75,74,45,75,38,44,42,59,80,52,65,66,47,60,57,50,87,80,55,79,85,85,80,52,62,74,65,44,45,47
"AJ Green",SG,"Milwaukee Bucks",74,60,80,86,86,70,65,70,40,40,34,34,34,40,80,40,63,38,35,50,60,45,69,69,42,75,80,70,80,61,70,68,61,36,31,48
"Rob Dillingham",PG,"Minnesota Timberwolves",74,87,60,80,73,65,60,77,30,75,37,39,39,45,90,34,63,56,25,57,58,50,91,86,39,85,90,85,80,69,90,91,68,75,38,44
"Kevon Looney",C,"New Orleans Pelicans",74,74,44,69,55,50,35,70,75,70,55,52,62,38,66,72,46,59,70,74,64,65,58,69,74,63,85,96,84,55,61,48,66,55,94,88
"Jordan Hawkins",SG,"New Orleans Pelicans",74,71,79,80,83,70,75,75,25,60,37,48,44,55,80,45,65,38,56,67,64,50,70,72,48,67,89,80,80,70,74,68,71,33,35,52
"Tristan da Silva",PF,"Orlando Magic",74,89,45,76,86,85,50,79,60,65,57,59,59,45,90,64,64,37,51,58,57,50,85,67,62,67,90,85,80,64,69,59,68,40,49,57
"Eric Gordon",SG,"Philadelphia 76ers",74,77,80,85,75,60,40,75,30,70,35,63,50,60,94,42,73,46,56,73,68,50,79,79,60,82,92,85,78,69,79,78,73,43,30,39
"Adem Bona",C,"Philadelphia 76ers",74,88,37,27,68,70,40,72,80,80,55,42,55,37,70,70,37,43,91,72,50,60,82,68,73,89,84,90,80,40,52,57,40,29,76,76
"Khaman Maluach",C,"Phoenix Suns",74,75,66,50,76,50,35,71,85,80,65,52,60,40,85,81,63,83,85,82,57,75,48,63,70,65,85,85,80,51,44,37,51,30,72,65
"Dario Saric",PF,"Sacramento Kings",74,82,71,70,83,50,50,74,45,70,81,79,81,50,92,80,66,63,25,80,55,75,63,69,65,60,82,86,81,75,69,57,84,38,62,76
"Drew Eubanks",C,"Sacramento Kings",74,95,73,77,66,75,60,69,75,70,74,74,74,44,75,74,47,36,85,59,50,45,61,62,68,75,80,85,83,42,37,38,55,43,65,86
"Devin Carter",PG,"Sacramento Kings",74,83,67,75,61,60,65,74,30,80,40,42,42,40,95,58,73,80,55,70,80,50,98,89,60,94,92,90,80,80,79,90,80,68,51,69
"Ja’Kobe Walter",SF,"Toronto Raptors",74,86,70,78,75,70,65,79,35,75,49,50,50,45,80,47,66,56,47,59,55,50,90,82,57,76,88,85,80,69,70,79,69,40,52,50
"Jonathan Mogbo",PF,"Toronto Raptors",74,60,53,70,70,75,50,80,60,80,50,50,50,55,64,64,64,56,66,67,68,60,91,79,68,75,88,85,80,66,70,69,67,52,67,67
"Kyle Anderson",PF,"Utah Jazz",74,91,48,79,71,60,45,79,55,45,45,48,41,49,70,60,79,63,66,78,75,75,66,80,62,66,85,64,83,78,81,65,79,70,55,67
"Georges Niang",PF,"Utah Jazz",74,97,79,84,80,70,45,77,25,50,70,71,70,40,74,60,55,35,42,62,60,35,44,55,60,72,88,80,84,65,67,44,70,37,40,62
"Justin Champagnie",SF,"Washington Wizards",74,78,67,82,74,80,65,79,65,75,48,44,40,42,80,49,73,73,66,60,73,60,73,73,40,78,80,85,80,62,69,66,62,33,66,71
"AJ Johnson",SG,"Washington Wizards",74,84,74,72,75,75,60,82,30,80,30,30,30,44,80,49,56,37,37,48,47,30,83,79,39,76,80,75,80,70,86,79,72,67,32,47
"Caleb Houstan",SG,"Atlanta Hawks",73,74,76,83,84,70,35,70,25,25,32,32,32,44,80,47,80,40,40,78,68,80,78,82,40,72,86,70,80,62,70,72,65,30,36,44
"Vit Krejci",SF,"Atlanta Hawks",73,85,64,84,67,85,50,72,45,70,35,38,38,44,75,50,60,42,62,59,58,40,75,75,40,76,80,75,80,69,70,74,70,63,34,57
"Chris Boucher",C,"Boston Celtics",73,90,81,79,78,60,30,74,85,80,72,64,72,50,85,76,37,43,72,78,50,60,57,55,80,74,89,80,77,33,41,25,59,30,67,76
"Noah Clowney",C,"Brooklyn Nets",73,49,69,75,84,75,60,72,80,80,60,59,60,65,85,68,57,38,60,67,66,55,64,64,64,75,90,85,80,57,59,57,68,31,47,65
"Tyrese Martin",SF,"Brooklyn Nets",73,70,80,80,76,80,65,63,40,60,56,60,59,45,69,54,66,41,40,60,40,55,70,72,59,70,85,65,80,75,70,63,75,57,49,62
"Haywood Highsmith",PF,"Brooklyn Nets",73,86,70,81,75,70,50,78,35,45,47,54,46,40,70,70,79,59,61,78,77,70,70,81,50,79,80,65,86,55,70,64,55,35,45,52
"Moussa Diabate",C,"Charlotte Hornets",73,84,68,67,58,60,40,68,65,80,54,50,52,35,65,65,41,53,71,65,50,55,73,73,60,78,80,90,80,42,40,66,52,33,90,81
"Grant Williams",PF,"Charlotte Hornets",73,81,73,80,84,70,45,77,50,60,59,58,66,37,80,68,68,56,67,69,60,60,58,70,73,66,88,80,80,69,66,54,72,43,45,64
"Josh Green",SF,"Charlotte Hornets",73,81,69,83,67,50,30,75,30,80,35,34,30,44,95,35,79,56,45,79,78,75,86,86,60,80,89,90,83,67,70,72,65,35,40,41
"Jevon Carter",PG,"Chicago Bulls",73,92,89,80,82,80,60,75,25,35,32,34,30,40,80,34,79,53,56,72,75,70,76,83,60,71,85,76,81,75,79,76,70,67,31,38
"Thomas Bryant",C,"Cleveland Cavaliers",73,95,85,74,83,55,45,70,75,65,73,73,73,37,78,63,40,42,76,79,50,45,62,57,80,52,88,95,82,40,53,53,42,34,70,75
"Brandon Williams",PG,"Dallas Mavericks",73,88,91,80,85,70,55,82,25,50,27,46,50,51,90,33,62,73,40,57,52,45,79,79,62,68,89,70,81,75,79,77,79,71,38,49
"Jaden Hardy",PG,"Dallas Mavericks",73,86,66,84,67,60,75,80,40,80,47,49,49,46,85,34,55,43,37,50,51,50,83,83,39,85,84,85,80,75,83,76,75,50,31,48
"Gui Santos",PF,"Golden State Warriors",73,86,69,78,71,70,50,72,50,65,52,53,57,45,69,66,69,43,51,70,57,50,73,72,50,74,80,60,86,57,62,69,55,55,68,62
"Jeff Green",PF,"Houston Rockets",73,88,75,76,82,50,50,79,65,70,70,68,72,51,85,69,70,32,62,68,54,60,63,75,70,84,89,85,82,65,74,50,64,33,41,49
"Aaron Holiday",PG,"Houston Rockets",73,92,89,83,83,70,50,70,25,60,25,45,32,47,80,34,68,43,50,67,69,45,76,77,49,56,85,85,84,82,86,76,82,51,33,47
"Isaiah Jackson",C,"Indiana Pacers",73,82,69,59,71,55,40,70,75,70,59,48,55,46,80,70,54,63,89,66,49,55,73,73,65,81,82,80,80,40,59,54,44,35,91,83
"Delon Wright",PG,"Indiana Pacers",73,60,68,70,55,60,35,74,25,60,25,46,27,40,85,49,84,83,58,84,80,80,73,84,58,69,90,80,84,80,86,72,75,59,48,42
"Jarace Walker",PF,"Indiana Pacers",73,96,86,84,64,50,40,78,70,85,57,58,58,40,80,67,62,70,58,60,62,60,81,81,80,90,90,80,80,69,62,70,68,45,36,72
"Maxi Kleber",PF,"Los Angeles Lakers",73,71,70,72,76,60,35,73,75,75,67,67,64,40,80,80,77,33,63,75,75,75,45,77,79,56,85,80,80,70,64,45,68,35,47,53
"Vince Williams Jr.",SF,"Memphis Grizzlies",73,88,60,68,75,70,40,69,35,70,41,53,39,55,76,55,79,40,51,77,75,75,68,82,52,70,87,90,80,69,70,60,65,54,46,63
"John Konchar",SG,"Memphis Grizzlies",73,73,76,78,78,60,60,77,40,55,44,47,47,40,85,54,62,63,72,50,60,45,62,69,40,70,93,90,84,74,76,60,79,38,59,76
"Amir Coffey",SF,"Milwaukee Bucks",73,88,89,84,91,60,40,84,25,75,38,53,54,49,81,47,64,37,37,68,64,50,75,75,52,75,80,70,79,72,75,75,74,32,35,45
"Gary Harris",SG,"Milwaukee Bucks",73,88,79,75,79,60,50,84,40,50,28,51,47,60,85,68,80,56,57,80,55,80,75,80,53,78,85,80,83,75,76,70,75,31,41,44
"Joe Ingles",SF,"Minnesota Timberwolves",73,64,65,86,86,60,35,80,40,45,50,55,48,40,70,58,80,53,35,78,78,75,66,80,64,60,92,70,80,75,70,60,75,71,34,56
"Terrence Shannon Jr.",SG,"Minnesota Timberwolves",73,80,76,75,81,70,65,80,40,85,47,52,48,49,85,49,72,38,57,62,57,50,89,87,58,83,90,75,80,68,79,86,68,63,43,55
"Jaylen Clark",SG,"Minnesota Timberwolves",73,86,60,83,77,70,40,73,50,70,40,38,44,39,70,52,81,89,35,82,80,75,79,86,55,77,85,85,79,62,69,76,60,32,53,37
"Jeremiah Fears",PG,"New Orleans Pelicans",73,76,74,74,85,60,50,76,40,70,40,41,40,66,85,38,62,68,29,62,60,60,94,88,49,75,85,85,80,70,88,92,75,72,30,48
"Derik Queen",C,"New Orleans Pelicans",73,84,75,58,76,60,50,74,65,70,71,71,71,70,80,69,52,46,57,68,62,60,54,54,73,62,85,80,80,65,62,52,72,57,57,77
"Ajay Mitchell",SG,"Oklahoma City Thunder",73,90,78,86,85,70,50,75,35,70,30,37,38,50,80,43,64,63,37,57,62,40,83,80,53,65,87,75,80,74,82,79,75,52,41,48
"Jonathan Isaac",PF,"Orlando Magic",73,74,44,64,67,35,30,67,60,70,44,45,44,30,68,83,83,86,91,83,78,80,73,80,70,80,70,65,67,54,57,66,52,29,78,79
"Trendon Watford",PF,"Philadelphia 76ers",73,83,68,74,81,70,60,73,75,75,69,69,69,50,70,66,52,46,53,52,50,40,63,63,79,80,85,75,80,59,50,57,62,70,46,65
"Jordan Goodwin",SG,"Phoenix Suns",73,84,65,79,87,70,50,78,25,35,33,43,48,66,80,47,71,83,62,70,65,70,75,76,49,55,80,85,80,78,78,68,78,39,66,60
"Kris Murray",SF,"Portland Trail Blazers",73,77,70,62,41,75,70,70,60,75,50,52,52,50,80,60,66,46,52,65,66,50,68,73,60,75,90,80,80,60,69,62,60,36,62,52
"Lindy Waters III",SG,"San Antonio Spurs",73,90,85,77,80,75,75,70,25,65,28,54,34,65,70,53,67,46,55,62,62,40,60,69,33,67,83,70,80,69,69,50,67,37,37,60
"Ochai Agbaji",PF,"Toronto Raptors",73,82,83,83,69,70,35,78,65,80,52,52,52,40,78,57,78,43,56,77,75,65,85,79,64,85,90,85,80,60,75,78,60,35,42,54
"A.J. Lawson",SG,"Toronto Raptors",73,75,68,76,66,85,65,80,45,75,52,52,55,54,75,48,60,41,53,60,65,50,74,79,34,80,85,80,80,69,69,69,64,34,46,62
"Jamal Shead",PG,"Toronto Raptors",73,85,63,76,75,60,40,74,25,50,30,31,30,40,80,34,77,56,42,67,60,50,97,94,49,74,88,95,80,80,86,95,80,75,35,41
"Kevin Love",C,"Utah Jazz",73,95,73,80,70,50,45,72,70,50,71,77,75,50,80,69,50,78,52,75,57,50,60,54,80,60,60,80,77,65,52,33,77,63,70,90
"Taylor Hendricks",PF,"Utah Jazz",73,88,75,81,80,70,45,82,60,75,54,54,54,42,85,68,68,46,71,67,62,50,72,75,62,78,92,85,80,55,69,69,62,30,62,62
"Marvin Bagley III",C,"Washington Wizards",73,84,72,70,67,40,50,78,70,75,74,73,74,50,70,58,49,56,70,60,65,40,73,74,80,86,85,80,87,47,62,64,60,33,85,67
"Luka Garza",C,"Boston Celtics",72,93,70,71,68,55,85,69,60,45,73,73,73,59,85,54,30,32,42,52,56,30,40,40,69,48,80,85,80,55,35,34,55,44,94,53
"Dariq Whitehead",SF,"Brooklyn Nets",72,77,76,84,79,70,40,70,50,80,44,51,47,37,80,40,65,38,37,67,67,45,79,79,52,82,90,70,77,67,78,76,66,35,34,56
"Egor Demin",SF,"Brooklyn Nets",72,69,66,70,70,60,50,70,45,65,52,51,55,40,90,47,65,67,32,60,67,60,70,75,60,74,88,90,80,84,86,70,85,84,27,48
"Tidjane Salaun",PF,"Charlotte Hornets",72,45,65,73,72,80,40,75,65,80,52,51,51,47,80,69,74,41,51,65,59,50,71,82,60,80,88,90,80,47,66,66,45,36,57,70
"KJ Simpson",PG,"Charlotte Hornets",72,70,53,68,81,75,65,78,25,50,28,40,37,50,80,42,64,56,45,59,59,40,76,83,52,82,85,80,80,78,87,76,78,70,50,46
"Pat Connaughton",SG,"Charlotte Hornets",72,80,69,72,72,70,35,78,30,86,35,34,30,66,90,35,73,32,57,70,71,65,77,78,45,95,80,80,83,69,78,65,78,49,43,63
"Dalen Terry",SG,"Chicago Bulls",72,77,72,79,69,65,55,77,25,80,40,46,42,54,85,43,69,63,53,69,70,65,76,76,58,69,85,85,80,76,80,74,78,49,47,47
"Julian Phillips",SF,"Chicago Bulls",72,81,68,75,77,70,50,70,45,80,54,57,55,55,80,55,68,46,55,67,68,65,73,78,40,80,85,85,80,60,66,67,57,29,56,47
"Noa Essengue",PF,"Chicago Bulls",72,71,70,70,70,60,50,72,50,80,60,60,60,76,90,60,68,60,45,60,68,45,85,82,55,82,80,80,80,60,69,72,60,39,55,54
"Craig Porter Jr.",PG,"Cleveland Cavaliers",72,81,86,83,69,65,40,79,30,50,44,48,49,60,85,44,68,46,76,60,63,60,79,79,48,72,88,90,80,75,73,79,75,64,41,51
"Jaylon Tyson",SF,"Cleveland Cavaliers",72,86,78,80,80,70,40,79,40,70,40,57,52,40,80,50,67,53,35,62,50,40,80,76,63,75,85,93,80,62,75,77,65,42,72,61
"Dwight Powell",C,"Dallas Mavericks",72,92,65,78,62,30,30,70,75,65,77,79,79,83,90,74,45,46,73,68,74,65,71,58,80,67,90,95,83,55,60,44,64,50,68,61
"Kessler Edwards",SF,"Denver Nuggets",72,72,72,78,80,70,45,68,60,65,59,50,52,45,70,77,75,46,80,78,75,75,72,74,77,70,80,85,80,50,64,59,64,38,47,69
"Zeke Nnaji",C,"Denver Nuggets",72,71,76,76,62,55,45,77,80,70,69,67,67,69,77,72,54,59,87,57,42,50,77,77,70,82,80,89,83,33,37,52,42,29,56,49
"Paul Reed",C,"Detroit Pistons",72,79,85,73,79,60,40,69,80,75,70,70,70,64,75,69,43,79,84,66,58,40,49,52,84,65,80,80,80,48,52,41,44,55,63,64
"Jae’Sean Tate",SF,"Houston Rockets",72,84,70,76,69,50,40,84,65,75,69,68,69,54,85,70,70,70,42,68,69,65,69,70,65,75,89,95,80,70,74,62,72,38,65,55
"Reed Sheppard",PG,"Houston Rockets",72,64,72,76,84,60,50,70,25,70,44,45,40,42,90,54,78,63,66,70,77,70,90,89,56,87,93,95,80,76,76,84,75,51,40,41
"James Wiseman",C,"Indiana Pacers",72,94,67,57,70,55,40,70,75,75,67,58,58,40,85,74,50,31,71,70,54,60,67,51,70,68,77,85,87,54,66,54,64,33,75,84
"Tony Bradley",C,"Indiana Pacers",72,88,66,26,67,50,50,74,75,60,72,62,79,65,85,72,35,36,85,70,58,55,51,54,82,51,80,90,80,44,44,33,58,32,86,85
"Olivier-Maxence Prosper",PF,"Memphis Grizzlies",72,65,68,67,65,60,40,68,40,85,47,45,45,58,80,67,74,66,50,64,58,60,79,81,60,88,88,85,80,65,60,66,61,37,67,62
"Cedric Coward",SG,"Memphis Grizzlies",72,78,78,82,84,70,50,78,50,80,30,48,32,45,80,58,73,60,57,71,68,55,88,84,57,83,95,80,80,65,69,79,60,51,47,52
"Simone Fontecchio",SF,"Miami Heat",72,84,81,76,82,70,50,79,40,65,50,50,50,60,69,51,65,40,50,64,47,45,55,66,62,55,80,95,80,55,58,52,60,33,47,62
"Jericho Sims",C,"Milwaukee Bucks",72,68,69,26,52,50,40,64,80,89,60,60,60,40,80,66,40,35,62,66,55,40,80,80,65,83,85,90,80,30,35,34,32,31,84,79
"Johnny Juzang",SF,"Minnesota Timberwolves",72,89,89,81,83,65,50,71,35,75,55,59,64,44,85,50,58,42,40,52,50,50,70,70,55,72,85,75,80,59,72,66,62,34,43,54
"Jalen McDaniels",PF,"New Orleans Pelicans",72,87,80,60,84,70,70,76,60,65,62,68,59,52,68,59,55,49,50,55,50,35,73,73,60,73,80,80,80,55,69,69,59,37,42,57
"Ousmane Dieng",PF,"Oklahoma City Thunder",72,76,73,68,65,75,35,69,45,75,45,48,48,47,90,67,68,89,62,60,52,45,78,78,62,79,88,80,80,69,70,75,70,36,50,71
"Nikola Topic",PG,"Oklahoma City Thunder",72,81,69,72,87,60,60,81,40,65,44,57,40,55,85,45,63,44,47,60,52,45,79,76,59,69,85,75,80,81,86,79,81,76,32,47
"Orlando Robinson",C,"Orlando Magic",72,75,69,76,80,70,35,70,70,60,59,58,59,38,85,62,36,38,61,60,54,60,49,49,70,64,80,90,77,52,40,35,54,55,80,71
"Jett Howard",SF,"Orlando Magic",72,75,88,77,75,55,50,74,35,65,50,54,54,47,85,55,67,36,56,72,52,45,69,69,58,72,90,80,80,69,73,66,65,41,43,47
"Jabari Walker",PF,"Philadelphia 76ers",72,72,70,78,65,60,40,72,45,75,65,65,65,40,80,68,60,80,47,67,65,60,75,75,46,79,80,70,80,52,60,71,54,36,67,83
"Jared Butler",PG,"Phoenix Suns",72,85,83,79,82,65,60,74,25,65,28,41,37,60,95,30,60,53,51,55,47,50,80,80,50,78,83,80,80,79,82,80,79,79,36,47
"Collin Gillespie",PG,"Phoenix Suns",72,81,78,85,87,70,65,74,40,54,31,46,40,37,75,33,62,63,50,60,58,55,82,82,33,72,85,80,80,79,77,82,80,72,52,56
"Oso Ighodaro",PF,"Phoenix Suns",72,95,40,35,56,65,40,74,80,80,60,59,59,37,80,62,47,41,63,62,57,45,86,74,64,90,85,85,80,58,60,65,59,37,60,67
"Nigel Hayes-Davis",Ball-Hawking 3PT-Sniping Bully,"Phoenix Suns",72,78,74,80,88,50,40,78,60,75,54,54,54,62,70,63,73,73,47,70,70,60,73,73,68,75,90,80,80,60,69,64,64,40,40,47
"Rayan Rupert",SG,"Portland Trail Blazers",72,63,63,70,75,80,65,82,45,70,40,44,42,40,70,53,70,43,45,70,70,65,67,72,52,69,88,85,80,68,72,65,68,34,57,46
"Duop Reath",C,"Portland Trail Blazers",72,85,68,75,80,70,65,68,50,60,55,55,55,68,74,62,37,41,67,68,50,45,59,52,73,75,83,90,80,40,52,46,44,35,69,52
"Julian Champagnie",SF,"San Antonio Spurs",72,84,74,80,90,70,45,79,40,60,43,44,52,52,73,45,67,46,56,55,66,40,69,69,37,67,85,75,80,66,68,65,64,34,44,61
"Jordan McLaughlin",PG,"San Antonio Spurs",72,73,74,86,75,85,55,84,25,65,25,25,25,49,70,25,73,86,25,52,74,60,72,74,52,74,80,70,83,83,84,70,80,62,35,53
"Carter Bryant",SF,"San Antonio Spurs",72,69,68,77,70,60,40,72,45,75,50,50,50,38,80,60,75,62,57,72,58,70,88,88,60,80,85,85,80,62,70,75,62,47,40,57
"Collin Murray-Boyles",PF,"Toronto Raptors",72,75,67,70,71,50,45,78,55,75,65,65,65,52,70,72,74,70,70,70,68,65,83,86,70,75,85,95,80,67,74,74,70,47,59,65
"Cody Williams",SF,"Utah Jazz",72,75,53,65,73,65,45,74,50,80,43,47,47,40,90,55,73,37,53,70,60,55,87,86,51,75,90,75,80,63,82,79,63,34,38,46
"Svi Mykhailiuk",SG,"Utah Jazz",72,83,79,76,79,70,50,70,40,55,42,47,38,39,94,37,55,41,45,50,54,30,82,82,54,69,81,65,79,69,64,75,64,58,41,48
"Walter Clayton Jr.",PG,"Utah Jazz",72,75,82,82,88,50,55,75,40,60,35,38,30,85,85,40,64,42,40,52,52,45,86,84,47,74,80,75,80,74,79,86,74,71,38,50
"Asa Newell",PF,"Atlanta Hawks",71,73,67,71,75,50,40,73,80,85,60,60,60,51,75,70,66,65,65,67,69,60,75,70,67,78,85,90,80,54,69,69,55,34,70,64
"Josh Minott",SF,"Boston Celtics",71,74,85,70,79,70,30,75,65,80,51,55,52,40,75,48,63,88,74,60,65,60,72,72,62,80,80,80,80,62,63,68,60,46,43,67
"Baylor Scheierman",SG,"Boston Celtics",71,73,80,80,85,70,60,71,40,55,30,48,40,44,66,47,56,59,40,57,47,40,86,64,54,54,90,85,80,70,71,75,69,42,53,55
"Kobe Bufkin",PG,"Brooklyn Nets",71,80,79,70,72,60,55,80,30,75,42,44,43,40,90,48,64,38,56,54,52,40,86,86,40,80,95,80,80,72,87,86,73,67,46,61
"Danny Wolf",PF,"Brooklyn Nets",71,76,70,76,60,60,60,74,70,70,69,69,67,52,95,58,55,49,63,52,50,45,47,52,60,57,90,85,80,69,69,47,70,52,57,72
"Jalen Pickett",PG,"Denver Nuggets",71,92,71,82,76,75,60,75,25,60,55,58,58,50,81,47,62,41,40,62,65,45,72,72,59,67,88,70,79,72,75,72,74,70,38,47
"DaRon Holmes II",PF,"Denver Nuggets",71,77,76,75,70,50,40,68,75,75,68,67,68,50,80,76,63,59,73,72,62,55,75,69,60,64,88,80,80,49,60,59,50,41,60,68
"Javonte Green",PF,"Detroit Pistons",71,58,70,78,75,60,45,79,25,85,52,52,52,60,95,74,77,70,68,74,80,75,72,74,46,85,80,75,82,60,72,69,68,30,50,56
"Colby Jones",SG,"Detroit Pistons",71,88,71,72,67,70,50,75,25,75,38,40,39,44,75,49,71,86,70,54,47,50,74,75,48,72,90,85,80,67,68,68,70,41,47,55
"Kobe Brown",PF,"Los Angeles Clippers",71,80,72,67,79,50,60,72,60,65,64,64,64,50,80,62,62,43,53,60,57,45,60,62,74,66,88,85,80,62,60,57,64,35,70,82
"Jordan Miller",SF,"Los Angeles Clippers",71,86,70,72,79,75,50,70,40,80,54,52,58,40,65,54,65,37,45,60,40,45,84,78,52,81,85,70,80,60,69,72,62,55,60,47
"Christian Koloko",C,"Los Angeles Lakers",71,65,60,29,63,75,35,64,75,75,54,50,51,50,70,75,37,43,73,75,50,70,72,72,59,75,80,80,80,37,42,44,52,29,67,67
"Kasparas Jakucionis",SG,"Miami Heat",71,78,71,76,85,50,40,78,35,70,51,52,52,73,80,59,66,49,42,65,59,60,82,82,60,75,95,85,80,82,86,82,82,82,30,51
"Andre Jackson Jr.",SF,"Milwaukee Bucks",71,75,68,81,70,60,30,67,40,87,40,40,40,37,80,53,80,46,55,80,81,80,84,87,50,87,90,80,80,65,65,74,60,41,60,56
"Bones Hyland",PG,"Minnesota Timberwolves",71,84,69,81,89,50,50,80,25,60,30,32,32,41,85,30,66,82,62,64,63,55,87,87,32,68,88,85,80,74,79,84,75,65,37,47
"Jaden Springer",SG,"New Orleans Pelicans",71,81,73,76,68,50,40,74,25,50,28,45,32,50,80,44,75,90,67,75,67,75,82,82,49,72,85,70,80,75,81,82,75,43,47,49
"Trey Jemison III",C,"New York Knicks",71,83,50,29,39,70,50,60,75,75,67,54,65,40,80,71,37,66,76,70,50,65,55,52,76,72,90,90,82,44,40,44,45,35,78,65
"Tyler Kolek",PG,"New York Knicks",71,79,79,78,83,70,35,79,25,45,37,57,42,45,85,32,73,63,52,58,57,50,74,84,54,74,90,90,80,78,77,74,78,74,37,42
"Thomas Sorber",C,"Oklahoma City Thunder",71,75,70,60,72,50,45,70,75,75,68,68,68,44,85,69,58,62,75,62,62,60,59,66,72,74,85,90,80,69,66,52,72,48,68,69
"Dominick Barlow",C,"Philadelphia 76ers",71,91,73,70,72,70,50,65,60,75,52,50,52,35,75,50,47,41,82,57,49,40,68,68,62,75,80,85,80,51,69,64,52,33,71,64
"Isaiah Livers",PF,"Phoenix Suns",71,78,86,72,82,95,50,76,25,65,26,32,35,44,80,37,65,42,40,60,60,55,73,74,55,71,85,66,82,68,70,70,65,32,40,46
"Blake Wesley",PG,"Portland Trail Blazers",71,69,60,71,64,70,50,74,40,86,54,57,50,59,80,49,71,86,40,60,63,50,78,78,40,84,92,75,80,69,83,77,68,70,39,42
"Doug McDermott",PF,"Sacramento Kings",71,85,78,88,76,60,50,79,50,65,60,66,62,60,75,52,58,32,42,63,50,40,59,60,60,67,81,67,83,65,67,47,65,27,30,48
"Isaac Jones",PF,"Sacramento Kings",71,78,64,49,62,60,40,70,75,75,60,60,60,44,95,60,59,28,81,58,55,45,70,67,70,74,85,90,80,44,58,60,44,28,67,64
"Nique Clifford",3PT Shot Hunter,"Sacramento Kings",71,74,76,79,77,60,50,75,40,70,44,48,49,60,80,55,66,59,58,62,60,55,86,82,62,80,88,80,80,65,74,79,64,36,41,61
"Jamison Battle",SF,"Toronto Raptors",71,85,85,84,83,65,60,70,40,65,50,52,50,49,80,58,58,33,47,52,54,40,64,58,55,65,80,70,80,52,62,57,51,33,44,56
"Tristan Vukcevic",C,"Washington Wizards",71,81,86,78,79,70,45,73,70,65,66,67,69,48,78,59,44,40,81,57,37,45,57,55,72,65,89,80,80,45,51,50,55,49,50,81
"Malaki Branham",SG,"Washington Wizards",71,74,74,83,82,70,65,74,60,75,47,44,49,41,80,45,63,42,42,54,52,45,82,82,55,75,86,70,80,59,69,74,59,60,33,52
"Sharife Cooper",PG,"Washington Wizards",71,77,73,68,83,65,50,79,25,40,25,32,25,72,81,25,70,46,51,64,52,50,88,88,39,80,80,78,80,75,86,88,79,81,37,62
"Anthony Gill",PF,"Washington Wizards",71,91,72,70,61,70,65,70,75,75,62,60,60,40,74,66,60,38,37,50,58,50,69,67,60,79,80,88,80,38,54,53,55,31,46,56
"Keaton Wallace",SG,"Atlanta Hawks",70,87,68,82,83,70,45,77,25,50,32,30,29,40,85,44,70,73,70,70,68,70,80,79,49,72,88,70,84,70,72,76,74,62,30,47
"Xavier Tillman Sr.",C,"Boston Celtics",70,82,63,62,45,50,30,70,75,65,70,70,70,46,95,74,66,49,57,75,74,65,46,67,72,69,82,85,80,62,61,37,68,29,51,72
"Jordan Walsh",PF,"Boston Celtics",70,67,65,72,71,50,35,68,40,80,57,54,44,40,85,63,75,46,73,75,74,65,77,77,54,86,89,85,80,63,68,68,62,29,51,51
"E.J. Liddell",PF,"Brooklyn Nets",70,80,79,76,76,40,45,75,55,60,66,71,68,37,85,65,54,44,79,62,54,50,73,73,65,89,80,65,80,59,60,59,58,49,59,66
"Tyson Etienne",PG,"Brooklyn Nets",70,74,76,78,79,75,65,74,25,60,27,34,32,50,69,30,64,44,30,62,60,45,83,79,44,72,85,75,80,75,81,83,70,52,33,49
"Drew Timme",C,"Brooklyn Nets",70,86,75,75,79,70,30,68,70,65,68,67,68,40,80,57,40,46,45,58,47,30,48,40,68,66,80,75,81,58,52,40,70,47,66,66
"Nolan Traore",PG,"Brooklyn Nets",70,76,69,73,71,50,50,76,30,70,42,44,69,55,81,44,60,54,40,57,60,40,85,85,56,74,92,75,80,78,86,85,78,74,37,44
"Drake Powell",SG,"Brooklyn Nets",70,74,74,77,65,60,35,74,45,85,44,44,44,37,80,54,75,50,50,70,70,65,86,87,54,95,85,90,80,62,70,75,64,40,37,44
"Drew  Peterson",SF,"Charlotte Hornets",70,70,74,79,75,75,50,73,60,65,45,47,46,45,70,52,43,40,42,45,50,40,59,58,62,68,85,85,80,69,68,58,68,38,52,66
"Antonio Reeves",SG,"Charlotte Hornets",70,89,75,86,84,60,60,80,30,70,39,36,39,40,80,32,60,42,40,52,48,40,83,78,39,75,85,70,80,62,70,73,62,36,40,41
"Liam McNeeley",SF,"Charlotte Hornets",70,67,70,80,86,60,50,67,40,60,38,39,39,58,85,51,62,47,37,58,57,40,81,73,54,72,84,80,80,68,69,70,68,51,37,58
"Ryan Kalkbrenner",C,"Charlotte Hornets",70,74,68,73,68,50,50,60,70,70,67,60,66,50,85,75,30,41,83,75,54,70,39,35,67,74,85,85,80,50,37,30,50,37,67,69
"Sion James",SG,"Charlotte Hornets",70,71,70,78,81,50,50,72,55,70,58,58,59,47,75,69,72,53,37,70,68,65,93,85,82,81,80,80,80,60,69,78,63,49,37,41
"Hunter Tyson",PF,"Denver Nuggets",70,72,76,73,70,65,50,70,60,75,49,49,49,50,70,58,62,33,60,58,54,40,68,68,52,77,88,75,80,65,68,60,65,32,49,65
"Quenton Jackson",SG,"Indiana Pacers",70,80,68,75,76,60,40,80,40,80,33,40,31,41,80,46,73,53,58,70,75,65,85,85,42,88,80,75,79,70,71,76,60,64,49,45
"Johnny Furphy",PF,"Indiana Pacers",70,77,77,80,82,50,50,79,60,60,47,52,49,48,85,52,57,56,67,52,48,50,79,63,54,79,85,90,80,60,59,60,64,30,62,46
"Adou Thiero",SG,"Los Angeles Lakers",70,75,64,71,69,35,25,73,50,88,40,40,40,65,70,57,67,72,55,64,60,50,87,85,69,92,80,70,80,47,69,71,47,32,64,57
"Dru Smith",PG,"Miami Heat",70,57,74,81,84,70,50,79,40,45,38,37,40,40,80,40,63,83,62,65,68,50,70,70,43,62,85,75,80,78,79,70,78,46,50,49
"Leonard Miller",PF,"Minnesota Timberwolves",70,74,70,72,83,60,50,75,65,85,59,54,55,37,80,57,63,52,57,60,59,40,73,73,55,82,90,75,80,51,70,70,52,43,52,71
"Joan Beringer",PF,"Minnesota Timberwolves",70,69,45,26,57,60,40,70,85,80,57,50,55,40,80,73,40,35,80,66,55,40,56,67,65,80,85,90,80,49,47,41,47,31,69,70
"Bryce McGowens",SF,"New Orleans Pelicans",70,87,79,77,73,55,40,74,40,80,42,42,42,55,78,37,66,40,51,65,60,65,74,75,48,81,85,75,80,52,74,72,50,35,35,52
"Tosan Evbuomwan",PF,"New York Knicks",70,85,72,72,76,70,50,76,40,65,52,52,58,35,69,57,57,40,53,47,55,50,64,60,58,68,88,95,85,69,75,60,69,37,52,64
"Ariel Hukporti",C,"New York Knicks",70,63,57,47,61,70,35,59,75,75,54,50,52,50,75,74,37,25,90,57,40,45,47,37,68,68,80,95,82,43,45,40,44,34,62,73
"Branden Carlson",C,"Oklahoma City Thunder",70,72,72,82,71,80,55,47,65,60,64,65,65,68,85,52,30,25,37,57,39,35,35,30,60,57,85,70,80,47,37,27,47,38,53,81
"Jamal Cain",SF,"Orlando Magic",70,81,59,71,63,75,65,80,65,70,59,55,57,40,75,60,68,49,68,55,50,50,66,68,60,75,80,70,83,44,53,60,49,32,51,56
"Jase Richardson",PG,"Orlando Magic",70,77,79,83,84,50,45,76,40,75,37,39,38,54,80,33,67,67,37,64,60,55,81,84,57,80,85,85,80,70,79,80,72,60,30,44
"Noah Penda",SG,"Orlando Magic",70,67,68,74,67,50,40,70,50,75,52,51,52,50,80,52,73,67,52,70,70,65,66,84,70,67,85,70,80,64,69,62,68,47,54,58
"Johni Broome",PF,"Philadelphia 76ers",70,75,75,69,60,50,50,72,50,60,70,70,70,55,90,70,60,49,72,67,47,60,60,62,71,51,80,90,80,69,67,57,69,42,69,69
"Rasheer Fleming",PF,"Phoenix Suns",70,74,74,75,74,50,40,74,70,75,60,60,60,42,80,67,40,64,68,68,62,55,77,75,75,75,85,80,80,55,62,69,52,40,60,64
"Sidy Cissoko",SF,"Portland Trail Blazers",70,66,67,60,65,60,35,70,50,75,48,47,47,40,85,59,66,73,57,68,54,50,74,75,58,80,89,80,80,61,68,66,60,38,55,52
"Yang Hansen",C,"Portland Trail Blazers",70,70,66,66,67,60,50,60,75,70,70,68,70,50,68,69,40,36,66,67,61,45,47,37,65,55,85,75,80,67,32,32,69,48,71,67
"Maxime Raynaud",C,"Sacramento Kings",70,76,74,76,77,50,50,68,70,70,67,67,67,48,80,59,32,47,65,55,52,45,67,52,63,66,80,85,80,50,52,44,54,35,65,67
"Garrett Temple",SG,"Toronto Raptors",70,82,55,72,79,70,40,70,25,30,37,55,46,40,85,46,78,59,47,77,74,70,57,76,44,69,85,79,82,75,75,57,74,47,58,51
"Oscar Tshiebwe",C,"Utah Jazz",70,76,69,37,70,45,30,62,75,75,54,48,48,37,95,69,48,31,72,69,40,55,75,67,69,75,80,90,80,42,40,39,55,37,89,87
"Will Riley",SF,"Washington Wizards",70,76,77,77,72,50,50,75,30,70,48,47,35,44,90,50,62,38,32,60,44,45,82,65,45,67,85,75,80,66,70,74,68,44,44,40
"Hugo Gonzalez",SG,"Boston Celtics",69,74,67,71,76,50,50,74,45,75,47,48,42,40,70,53,66,44,45,67,47,60,75,75,55,75,88,90,80,62,70,70,62,40,57,53
"Amari Williams",PF,"Boston Celtics",69,67,60,55,62,50,40,67,75,80,62,50,60,54,70,70,60,47,68,72,50,55,66,68,69,75,85,85,80,66,64,62,69,56,60,60
"Ben Saraf",SG,"Brooklyn Nets",69,72,76,70,75,50,40,71,30,60,30,45,48,67,80,40,62,64,37,60,57,45,83,79,52,67,80,70,80,81,76,83,81,81,37,44
"Luke Travers",SF,"Cleveland Cavaliers",69,70,72,74,68,60,50,70,30,65,35,34,30,54,90,52,62,36,56,52,45,50,68,66,48,75,80,84,80,64,71,65,63,31,37,33
"Nae’Qwan Tomlin",PF,"Cleveland Cavaliers",69,78,67,74,61,50,60,78,45,80,25,62,45,40,80,57,57,57,68,55,62,45,75,70,57,80,80,72,80,60,72,65,70,33,67,63
"Tyrese Proctor",PG,"Cleveland Cavaliers",69,78,79,79,69,50,50,77,35,65,49,49,52,37,90,42,60,48,27,54,57,45,82,81,51,77,85,85,80,79,80,82,77,54,30,47
"Bobi Klintman",PF,"Detroit Pistons",69,68,70,74,80,60,50,69,65,75,49,50,50,47,80,57,64,62,57,60,62,55,75,68,55,72,90,75,80,68,70,68,68,43,41,51
"JD Davison",PG,"Houston Rockets",69,70,73,71,73,50,50,72,25,85,30,31,38,40,80,25,56,69,61,55,54,45,85,85,54,84,88,45,80,72,86,84,75,72,36,55
"Trentyn Flowers",SF,"Los Angeles Clippers",69,62,71,75,64,50,35,62,70,85,47,52,49,42,80,52,62,57,37,54,52,45,83,75,42,92,85,70,80,57,69,75,60,44,48,54
"Yanic Konan Niederhauser",C,"Los Angeles Clippers",69,74,62,40,66,50,35,70,85,80,55,54,55,47,80,70,48,42,79,69,45,50,73,64,64,90,85,85,80,29,44,41,40,34,69,54
"Javon Small",PG,"Memphis Grizzlies",69,75,76,76,88,50,40,75,35,80,37,37,32,50,80,44,64,70,25,60,57,40,87,85,49,89,85,70,80,75,79,84,75,62,30,39
"Keshad Johnson",PF,"Miami Heat",69,75,70,71,70,50,65,69,50,75,59,59,59,40,80,52,60,46,50,57,52,40,92,80,65,89,88,90,80,57,65,70,55,37,58,57
"Thanasis Antetokounmpo",PF,"Milwaukee Bucks",69,71,66,66,50,65,40,80,40,85,53,50,60,69,64,42,59,33,51,54,50,40,77,75,42,82,80,90,87,54,69,69,75,38,64,61
"Chris Livingston",PF,"Milwaukee Bucks",69,76,68,70,72,60,35,76,50,80,39,44,40,37,79,52,64,47,48,52,62,40,80,80,54,83,85,65,80,65,69,68,52,34,52,51
"Tyler Smith",PF,"Milwaukee Bucks",69,72,75,80,73,60,50,64,80,80,64,64,64,44,70,53,52,35,59,52,47,35,72,69,58,84,85,75,80,39,57,67,58,32,47,60
"Enrique Freeman",PF,"Minnesota Timberwolves",69,74,66,66,67,35,30,74,60,80,61,61,62,40,80,66,66,35,56,68,63,50,74,74,60,81,88,95,80,59,62,59,60,32,40,57
"Micah Peavy",SG,"New Orleans Pelicans",69,74,75,75,66,50,35,74,40,80,52,51,47,42,85,59,71,78,50,70,55,50,85,82,53,78,85,75,80,75,76,70,75,31,41,58
"Pacome Dadiet",SF,"New York Knicks",69,70,76,75,75,50,40,72,40,75,44,46,46,37,90,50,69,50,50,65,52,50,78,76,50,65,85,80,80,57,75,70,58,34,25,71
"Kevin McCullar Jr.",SG,"New York Knicks",69,76,75,74,79,50,40,76,45,75,59,62,60,45,85,52,72,56,63,70,68,50,75,82,55,75,90,80,80,68,66,68,67,33,44,55
"Brooks Barnhizer",SG,"Oklahoma City Thunder",69,74,79,72,76,50,50,70,40,70,48,48,40,49,70,59,70,70,50,70,65,65,70,79,67,77,85,80,80,70,69,67,70,59,42,60
"Harrison Ingram",PF,"San Antonio Spurs",69,73,73,74,62,50,40,73,45,75,59,58,57,42,80,60,62,49,39,69,60,55,82,75,73,82,88,75,80,62,70,75,62,41,59,60
"Alijah Martin",SG,"Toronto Raptors",69,76,70,76,76,40,35,76,25,85,35,37,37,49,80,48,71,70,56,69,69,65,88,88,62,85,85,85,80,67,73,78,67,52,40,55
"John Tonje",SG,"Utah Jazz",69,80,80,81,87,50,50,78,35,70,40,40,40,44,85,50,62,42,40,52,50,50,74,74,55,79,85,75,80,58,70,67,58,37,43,54
"Dillon Jones",PF,"Washington Wizards",69,63,70,57,55,50,35,72,35,65,50,50,50,55,89,67,69,42,42,69,57,55,75,82,70,71,85,80,80,68,70,67,69,53,58,67
"Jamir Watkins",SG,"Washington Wizards",69,74,74,74,75,40,40,74,60,85,42,44,43,60,80,45,69,59,40,65,59,45,82,85,59,87,90,75,80,68,79,74,65,45,37,45
"N’Faly Dante",C,"Atlanta Hawks",68,65,36,25,61,50,30,66,80,80,55,52,55,40,78,70,48,37,69,70,60,50,73,48,70,70,70,95,80,25,32,57,40,31,67,69
"Nikola Djurisic",SF,"Atlanta Hawks",68,73,73,72,75,50,50,75,45,75,37,47,45,40,80,44,54,38,44,55,57,35,80,76,54,62,80,70,80,69,73,74,70,48,49,63
"Eli N’Diaye",Rim Rocker,"Atlanta Hawks",68,69,68,69,64,50,40,70,75,85,53,53,53,48,80,65,65,46,57,62,55,50,70,53,62,86,80,80,80,47,54,59,47,38,52,64
"Max Shulga",PG,"Boston Celtics",68,74,77,80,78,50,50,74,30,45,30,44,48,55,80,42,60,75,28,57,54,50,75,72,52,67,80,60,80,75,75,74,75,54,41,47
"RJ Luis Jr.",Blow-By High Flyer,"Boston Celtics",68,77,76,73,75,30,40,75,25,80,40,46,42,48,80,57,73,75,47,73,70,65,84,88,62,82,85,80,80,64,72,81,67,42,57,57
"Yuki  Kawamura",PG,"Chicago Bulls",68,69,72,75,86,60,50,66,25,25,25,25,25,44,80,25,61,55,26,45,35,30,85,84,60,80,75,45,80,78,79,85,78,73,30,46
"Emanuel Miller",SF,"Chicago Bulls",68,67,70,74,75,40,35,70,45,80,45,55,57,40,80,55,58,50,47,50,47,40,82,79,60,84,85,80,80,56,60,67,57,44,49,60
"Lachlan Olbrich",PF,"Chicago Bulls",68,70,66,61,58,50,50,67,60,65,65,65,69,60,80,60,37,47,50,66,50,50,50,48,68,49,85,90,80,68,60,48,69,48,62,65
"Ryan Nembhard",Chaos General,"Dallas Mavericks",68,72,73,77,77,50,40,73,25,30,35,30,30,35,78,31,66,78,27,57,75,45,80,79,37,68,85,79,80,83,79,80,83,82,38,40
"Miles Kelly",Sharpshooter,"Dallas Mavericks",68,69,74,77,83,50,40,70,40,70,47,51,47,48,79,44,60,40,32,67,66,60,69,73,47,75,85,75,80,65,64,62,54,47,41,46
"Tamar Bates",Sharpshooter,"Denver Nuggets",68,76,77,82,92,50,50,70,40,65,37,38,47,40,80,44,60,57,30,57,55,50,70,73,54,75,85,70,80,54,70,64,57,32,45,47
"Curtis Jones",SG,"Denver Nuggets",68,76,77,79,84,50,50,76,35,70,30,38,26,50,76,25,60,52,32,57,60,50,76,80,49,75,85,81,80,69,70,74,67,40,32,52
"Chaz Lanier",SG,"Detroit Pistons",68,78,80,83,76,50,50,78,25,60,37,48,44,40,80,40,52,52,28,51,44,45,85,79,48,88,92,80,80,62,72,79,57,33,30,41
"Jackson Rowe",SF,"Golden State Warriors",68,70,69,74,71,65,50,67,60,70,54,57,57,50,74,54,52,54,50,54,54,40,66,63,70,74,80,79,80,59,54,59,60,50,64,57
"Alex Toohey",SF,"Golden State Warriors",68,70,68,74,74,50,50,73,60,75,52,52,52,50,70,60,60,60,60,60,58,50,72,69,62,60,88,85,80,60,64,59,60,42,42,51
"Will Richard",SG,"Golden State Warriors",68,74,78,79,84,50,50,74,30,75,42,44,44,40,70,50,66,75,30,57,54,50,78,78,56,74,80,80,80,51,66,70,62,33,44,47
"Kevon Harris",SF,"Houston Rockets",68,75,72,81,76,40,60,75,40,75,33,56,45,49,79,60,62,53,51,45,60,45,71,71,58,78,85,84,80,64,69,69,65,29,59,51
"Isaiah Crawford",SF,"Houston Rockets",68,71,74,78,73,50,50,70,50,65,57,57,57,45,80,55,57,45,44,52,57,40,61,61,59,74,90,75,80,48,57,57,47,37,54,59
"Kam Jones",SG,"Indiana Pacers",68,76,74,75,66,50,50,76,30,60,40,40,40,40,89,30,60,42,35,58,57,40,76,75,52,60,88,85,80,79,82,76,79,77,42,49
"Taelon Peter",SG,"Indiana Pacers",68,81,80,81,77,50,50,75,35,80,30,38,26,39,76,40,52,60,40,50,50,45,81,74,41,80,85,81,80,50,57,72,68,32,30,45
"Cam Christie",SG,"Los Angeles Clippers",68,67,79,75,79,50,40,66,40,75,40,40,40,40,90,47,62,39,30,58,57,45,87,82,42,77,86,70,80,68,70,78,68,41,42,48
"Kobe Sanders",SG,"Los Angeles Clippers",68,74,77,75,64,50,35,62,70,85,47,52,49,42,80,48,57,50,32,51,50,40,75,75,42,75,85,70,80,57,69,70,60,44,37,42
"Bronny James Jr.",SG,"Los Angeles Lakers",68,69,63,70,73,50,30,68,35,80,37,37,30,37,85,47,72,57,44,70,60,65,87,87,60,90,90,90,80,67,70,84,65,41,42,50
"Chris Manon",Ball-Hawking High Flyer,"Los Angeles Lakers",68,71,68,69,74,50,30,74,30,85,42,44,44,40,70,50,70,79,55,65,77,60,83,84,58,88,80,95,80,69,68,70,65,54,40,47
"PJ Hall",C,"Memphis Grizzlies",68,75,72,71,78,50,40,68,75,75,60,60,60,49,70,55,47,50,60,55,57,40,73,52,70,82,87,80,80,48,60,59,52,37,52,60
"Cam Spencer",SG,"Memphis Grizzlies",68,68,79,76,90,60,50,69,30,55,36,37,30,52,80,44,59,49,44,50,52,45,73,73,45,53,85,90,80,67,66,67,67,63,49,51
"Jahmai Mashack",PG,"Memphis Grizzlies",68,68,70,75,72,50,30,67,45,70,40,40,57,39,69,60,73,80,47,72,68,70,82,88,60,80,85,60,80,69,67,68,68,42,48,45
"Vladislav Goldin",Stretch Lob Threat,"Miami Heat",68,70,68,66,73,50,50,60,75,65,67,67,67,63,75,66,45,35,67,66,45,50,33,30,70,50,80,80,80,59,44,30,59,37,69,65
"Myron Gardner",SG,"Miami Heat",68,71,72,77,64,50,50,73,40,70,43,47,48,45,84,45,69,62,48,68,67,65,70,78,62,78,84,75,80,64,67,65,66,40,40,55
"Mark Sears",PG,"Milwaukee Bucks",68,78,83,79,84,50,55,76,25,30,25,40,29,45,80,31,60,50,30,60,52,40,79,79,40,70,85,80,80,76,83,79,76,72,30,37
"Rocco Zikarsky",C,"Minnesota Timberwolves",68,70,50,39,62,60,50,57,75,65,67,48,60,54,66,68,52,48,74,62,44,50,48,30,65,54,80,70,80,50,37,29,50,30,70,70
"Trey Alexander",SG,"New Orleans Pelicans",68,73,81,70,82,60,50,73,25,30,28,42,31,55,74,30,59,41,30,52,47,30,78,75,34,67,80,75,80,70,73,74,70,54,34,46
"Hunter Dickinson",Stretch Five Cleaner,"New Orleans Pelicans",68,78,70,69,73,50,40,62,70,65,70,62,70,54,66,67,52,30,60,69,44,50,37,39,74,50,80,75,80,59,40,30,65,49,70,79
"Hunter Sallis",SG,"Philadelphia 76ers",68,74,80,72,78,60,50,74,45,75,40,44,40,47,78,44,63,67,45,57,55,45,74,76,45,79,80,70,80,57,79,69,52,39,34,54
"Kobe Brea",SG,"Phoenix Suns",68,72,74,84,89,60,50,71,40,60,40,41,40,30,85,48,59,42,45,59,55,50,68,66,51,64,85,88,80,68,67,62,66,37,41,57
"CJ Huntley",Rim-Wrecking Putback Pro,"Phoenix Suns",68,74,73,72,69,50,40,78,75,80,60,60,60,45,80,63,51,42,59,60,47,45,59,57,50,80,80,80,80,48,48,47,58,34,69,70
"Caleb Love",SG,"Portland Trail Blazers",68,74,78,77,88,50,50,74,25,65,25,37,25,50,73,34,65,63,37,58,57,40,83,75,51,74,82,70,80,70,76,81,70,57,32,42
"Daeqwon Plowden",SF,"Sacramento Kings",68,67,68,74,77,40,35,75,40,80,47,44,47,37,80,46,66,47,37,65,62,50,83,82,62,83,80,75,80,60,67,76,62,37,42,46
"Isaiah Stevens",PG,"Sacramento Kings",68,70,74,74,84,60,40,72,25,35,25,31,30,45,70,44,58,36,25,52,50,40,88,87,48,72,80,76,79,78,79,88,78,78,30,39
"Dylan Cardwell",Yamming Force of Nature,"Sacramento Kings",68,62,60,37,40,30,50,74,85,80,52,47,52,37,70,75,44,36,78,70,58,60,51,62,82,80,80,90,80,58,44,33,62,44,73,73
"David Jones-Garcia",High-Flying 3PT Sniper,"San Antonio Spurs",68,72,67,74,78,50,35,72,50,75,38,42,39,44,70,48,65,54,52,67,62,50,73,76,59,78,80,75,87,57,60,66,52,48,54,59
"Ulrich Chomche",C,"Toronto Raptors",68,62,59,58,50,40,25,62,80,75,44,37,44,40,80,64,44,53,74,65,62,40,84,74,68,82,85,85,80,52,59,60,65,38,69,68
"Chucky Hepburn",PG,"Toronto Raptors",68,70,71,73,81,30,40,72,25,40,28,30,30,74,70,30,79,84,32,78,78,70,76,90,43,62,85,87,80,77,76,76,76,73,36,43
"Jacob Toppin",PF,"Atlanta Hawks",67,70,69,69,67,50,35,68,65,85,44,48,58,40,69,67,65,38,51,68,60,60,68,68,62,82,85,75,80,50,68,64,50,44,47,62
"Spencer Jones",SF,"Denver Nuggets",67,63,72,79,72,60,50,66,40,65,40,40,45,49,88,40,57,58,30,56,50,40,67,60,50,68,80,65,80,54,68,60,57,38,62,38
"Daniss Jenkins",PG,"Detroit Pistons",67,75,76,75,81,60,40,72,30,60,36,36,28,65,70,32,63,68,51,60,48,50,75,75,45,70,80,80,80,70,71,74,70,60,37,52
"Tolu Smith",PF,"Detroit Pistons",67,70,49,37,60,50,45,63,70,70,70,68,70,40,80,60,34,40,62,65,55,40,52,44,80,65,80,65,80,45,34,48,42,36,70,70
"Taran Armstrong",SG,"Golden State Warriors",67,71,70,73,80,50,30,70,35,65,59,61,59,45,80,48,59,68,55,50,47,40,78,76,46,70,80,75,80,75,78,78,78,72,36,43
"RayJ Dennis",PG,"Indiana Pacers",67,72,74,73,73,60,45,71,25,55,33,34,33,47,84,44,67,68,35,62,55,45,79,80,42,75,85,75,80,68,70,79,69,61,32,44
"Braxton Key",PF,"Memphis Grizzlies",67,69,69,70,65,40,25,68,75,75,59,58,58,33,74,52,52,76,75,52,54,35,69,68,70,81,80,79,80,48,49,59,54,37,58,79
"Jamaree Bouyea",PG,"Milwaukee Bucks",67,76,67,73,72,50,40,76,25,45,27,35,31,40,75,42,68,70,45,65,67,50,83,83,41,70,85,85,82,75,76,83,70,72,30,45
"Pete Nance",PF,"Milwaukee Bucks",67,73,70,84,76,50,35,70,75,75,70,54,60,40,70,60,48,50,61,60,60,40,63,57,69,75,85,85,83,47,52,49,50,35,64,70
"Riley Minix",SF,"San Antonio Spurs",67,69,71,76,83,50,40,62,45,60,54,54,54,40,70,55,59,62,47,57,60,50,60,60,58,70,80,80,80,54,55,55,54,30,60,62
"Elijah Harkless",PG,"Utah Jazz",67,67,68,75,75,50,30,67,25,51,28,38,31,44,75,42,76,80,47,70,72,70,80,85,57,75,85,85,80,74,76,80,72,62,48,57